2026-04-08 12:03:58,668 INFO Sherly UI started.
2026-04-08 12:04:38,920 INFO Processing audio with duration 00:04.000
2026-04-08 12:04:39,194 INFO VAD filter removed 00:02.304 of audio
2026-04-08 12:04:39,489 INFO Active local model set: phi3
2026-04-08 12:04:57,755 INFO Imported existing <module 'comtypes.gen' from 'C:\\Users\\ASUS\\AppData\\Local\\Programs\\Python\\Python313\\Lib\\site-packages\\comtypes\\gen\\__init__.py'>
2026-04-08 12:04:57,756 INFO Using writeable comtypes cache directory: 'C:\Users\ASUS\AppData\Local\Programs\Python\Python313\Lib\site-packages\comtypes\gen'
2026-04-08 12:05:21,433 INFO Processing audio with duration 00:04.000
2026-04-08 12:05:21,439 INFO VAD filter removed 00:04.000 of audio
2026-04-08 12:05:43,453 INFO Processing audio with duration 00:04.000
2026-04-08 12:05:43,459 INFO VAD filter removed 00:02.304 of audio
2026-04-08 12:05:58,614 INFO Processing audio with duration 00:04.000
2026-04-08 12:05:58,620 INFO VAD filter removed 00:00.048 of audio
2026-04-08 12:06:18,076 INFO Processing audio with duration 00:04.000
2026-04-08 12:06:18,082 INFO VAD filter removed 00:00.000 of audio
2026-04-08 12:06:33,860 INFO Processing audio with duration 00:04.000
2026-04-08 12:06:33,866 INFO VAD filter removed 00:04.000 of audio
2026-04-08 12:06:48,312 INFO Processing audio with duration 00:04.000
2026-04-08 12:06:48,318 INFO VAD filter removed 00:00.000 of audio
2026-04-08 12:07:03,969 INFO Processing audio with duration 00:04.000
2026-04-08 12:07:03,975 INFO VAD filter removed 00:00.208 of audio
2026-04-08 12:07:19,670 INFO Processing audio with duration 00:04.000
2026-04-08 12:07:19,677 INFO VAD filter removed 00:00.016 of audio
2026-04-08 12:55:40,500 INFO Processing audio with duration 00:04.000
2026-04-08 12:55:40,507 INFO VAD filter removed 00:00.000 of audio
2026-04-08 12:55:46,197 INFO Unloaded model: phi3
2026-04-08 12:55:46,198 INFO Active local model set: phi3
2026-04-08 12:56:12,010 INFO Shutting down Sherly.
2026-04-08 12:56:34,074 INFO Shutting down Sherly.
2026-04-08 13:05:02,708 INFO Sherly UI started.
2026-04-08 13:07:11,006 INFO Shutting down Sherly.
2026-04-08 13:08:26,910 INFO Sherly UI started.
2026-04-08 13:11:32,926 INFO Shutting down Sherly.
2026-04-08 13:18:31,204 INFO Sherly UI started with global hotkeys (Ctrl+Shift+L / Ctrl+Shift+P).
2026-04-08 13:18:57,585 INFO Hotkey Triggered: Listen Once
2026-04-08 13:19:02,370 INFO Processing audio with duration 00:04.000
2026-04-08 13:19:02,582 INFO VAD filter removed 00:00.720 of audio
2026-04-08 13:19:02,924 INFO Active local model set: phi3
2026-04-08 13:19:27,664 INFO Imported existing <module 'comtypes.gen' from 'C:\\Users\\ASUS\\AppData\\Local\\Programs\\Python\\Python313\\Lib\\site-packages\\comtypes\\gen\\__init__.py'>
2026-04-08 13:19:27,664 INFO Using writeable comtypes cache directory: 'C:\Users\ASUS\AppData\Local\Programs\Python\Python313\Lib\site-packages\comtypes\gen'
2026-04-08 13:23:12,697 INFO Hotkey Triggered: Listen Once
2026-04-08 13:23:17,441 INFO Processing audio with duration 00:04.000
2026-04-08 13:23:17,447 INFO VAD filter removed 00:02.624 of audio
2026-04-08 13:23:23,009 INFO response: https://en.wikipedia.org/w/api.php?action=opensearch&profile=fuzzy&limit=1&search=Hello. 200
2026-04-08 13:23:23,435 INFO response: https://grokipedia.com/api/typeahead?query=Hello.&limit=1 200
2026-04-08 13:23:23,707 INFO response: https://en.wikipedia.org/w/api.php?action=query&format=json&prop=extracts&titles=Hello.app&explaintext=0&exintro=0&redirects=1 200
2026-04-08 13:23:26,019 INFO response: https://www.mojeek.com/search?q=Hello. 200
2026-04-08 13:23:49,382 INFO Model error: RetryError[<Future at 0x1e3954bde10 state=finished raised ReadTimeout>]
2026-04-08 13:23:50,682 INFO response: https://en.wikipedia.org/w/api.php?action=opensearch&profile=fuzzy&limit=1&search=%0ASummarize%20this%20information%3A%0A%0A%5B%7B%27title%27%3A%20%27Hello.app%27%2C%20%27href%27%3A%20%27https%3A//en.wikipedia.org/wiki/Hello.app%27%2C%20%27body%27%3A%20%27hello.app%20was%20a%20peer-to-peer%2C%20decentralized%20storage%20platform%20based%20in%20Barcelona.%20Founded%20in%202022%20by%20%C3%81lvaro%20Pintado%20and%20Alexander%20Baikalov%20at%20age%2017%2C%20it%20was%20among%20the%20first%20to%20offer%20distributed%20storage%20on%20mobile%20devices%2C%20allowing%20users%20to%20monetize%20unused%20space%20via%20blockchain.It%20aimed%20to%20replace%20centralized%20server%20infrastructure%20by%20using%20existing%20personal%20devices%20as%20nodes%20in%20a%20fragmented%2C%20distributed%20and%20encrypted%20network.%20In%20this%20model%2C%20phones%2C%20tablets%2C%20and%20laptops%20would%20collectively%20function%20as%20storage%20servers%2C%20contributing%20to%20a%20more%20resilient%2C%20worldwide%20system%20of%20data%20storage%20with%20no%20single%20point%20of%20control.%27%7D%2C%20%7B%27title%27%3A%20%27Hello%20%28Lionel%20Richie%20song%29%27%2C%20%27href%27%3A%20%27https%3A//grokipedia.com/page/Hello_%28Lionel_Richie_song%29%27%2C%20%27body%27%3A%20%27Hello%20%28Lionel%20Richie%20song%29%20%22Hello%22%20is%20a%20ballad%20written%2C%20arranged%2C%20produced%2C%20and%20performed%20by%20American%20singer-songwriter%20Lionel%20Richie%2C%20released%20in%201984%20as%20the%20third%20single%20from%20his%20second%20studio...%27%7D%2C%20%7B%27title%27%3A%20%27Welcome%20to%20Hello%21Lucky%27%2C%20%27href%27%3A%20%27https%3A//www.hellolucky.com/%27%2C%20%27body%27%3A%20%27I%20didn%20t%20knowHelloLucky%20is%20woman%20owned%3A%20All%20the%20better%21%20I%20write%20about%205%20cards%20%28mainly%20postcards%29%20a%20week%2C%20but%20wish%20I%20did%20more%20because%20I%20love%20sending%20...%27%7D%2C%20%7B%27title%27%3A%20%27%5BHello%20Elementor%5D%20Support%20%7C%20WordPress.org%27%2C%20%27href%27%3A%20%27https%3A//wordpress.org/support/theme/hello-elementor/%27%2C%20%27body%27%3A%20%27On%20iPad%20view%2C%20theHelloElementor%20menu%20displays%20the%20dropdown%20menu.%20...%20Persistent%20FOUC%20Issue%20on%20Multiple%20Sites%20UsingHelloElementor%20and%20Elementor%20Pro%27%7D%2C%20%7B%27title%27%3A%20%27%5BHello%20Biz%5D%20Support%20%7C%20WordPress.org%27%2C%20%27href%27%3A%20%27https%3A//wordpress.org/support/theme/hello-biz/%27%2C%20%27body%27%3A%20%27Forums%20/%20Theme%3AHelloBiz%20...HelloBiz%5D%20Support%20...hello-biz-child%20doesn%20%E2%80%99%20t%20load%20child%20style%27%7D%5D%0A 200
2026-04-08 13:23:54,393 INFO Error in engine brave: TimeoutException(TimeoutError('error sending request for url (https://grokipedia.com/api/typeahead?query=%0ASummarize+this+information%3A%0A%0A%5B%7B%27title%27%3A+%27Hello.app%27%2C+%27href%27%3A+%27https%3A%2F%2Fen.wikipedia.org%2Fwiki%2FHello.app%27%2C+%27body%27%3A+%27hello.app+was+a+peer-to-peer%2C+decentralized+storage+platform+based+in+Barcelona.+Founded+in+2022+by+%C3%81lvaro+Pintado+and+Alexander+Baikalov+at+age+17%2C+it+was+among+the+first+to+offer+distributed+storage+on+mobile+devices%2C+allowing+users+to+monetize+unused+space+via+blockchain.It+aimed+to+replace+centralized+server+infrastructure+by+using+existing+personal+devices+as+nodes+in+a+fragmented%2C+distributed+and+encrypted+network.+In+this+model%2C+phones%2C+tablets%2C+and+laptops+would+collectively+function+as+storage+servers%2C+contributing+to+a+more+resilient%2C+worldwide+system+of+data+storage+with+no+single+point+of+control.%27%7D%2C+%7B%27title%27%3A+%27Hello+%28Lionel+Richie+song%29%27%2C+%27href%27%3A+%27https%3A%2F%2Fgrokipedia.com%2Fpage%2FHello_%28Lionel_Richie_song%29%27%2C+%27body%27%3A+%27Hello+%28Lionel+Richie+song%29+%22Hello%22+is+a+ballad+written%2C+arranged%2C+produced%2C+and+performed+by+American+singer-songwriter+Lionel+Richie%2C+released+in+1984+as+the+third+single+from+his+second+studio...%27%7D%2C+%7B%27title%27%3A+%27Welcome+to+Hello%21Lucky%27%2C+%27href%27%3A+%27https%3A%2F%2Fwww.hellolucky.com%2F%27%2C+%27body%27%3A+%27I+didn+t+knowHelloLucky+is+woman+owned%3A+All+the+better%21+I+write+about+5+cards+%28mainly+postcards%29+a+week%2C+but+wish+I+did+more+because+I+love+sending+...%27%7D%2C+%7B%27title%27%3A+%27%5BHello+Elementor%5D+Support+%7C+WordPress.org%27%2C+%27href%27%3A+%27https%3A%2F%2Fwordpress.org%2Fsupport%2Ftheme%2Fhello-elementor%2F%27%2C+%27body%27%3A+%27On+iPad+view%2C+theHelloElementor+menu+displays+the+dropdown+menu.+...+Persistent+FOUC+Issue+on+Multiple+Sites+UsingHelloElementor+and+Elementor+Pro%27%7D%2C+%7B%27title%27%3A+%27%5BHello+Biz%5D+Support+%7C+WordPress.org%27%2C+%27href%27%3A+%27https%3A%2F%2Fwordpress.org%2Fsupport%2Ftheme%2Fhello-biz%2F%27%2C+%27body%27%3A+%27Forums+%2F+Theme%3AHelloBiz+...HelloBiz%5D+Support+...hello-biz-child+doesn+%E2%80%99+t+load+child+style%27%7D%5D%0A&limit=1)', 'https://grokipedia.com/api/typeahead?query=%0ASummarize+this+information%3A%0A%0A%5B%7B%27title%27%3A+%27Hello.app%27%2C+%27href%27%3A+%27https%3A%2F%2Fen.wikipedia.org%2Fwiki%2FHello.app%27%2C+%27body%27%3A+%27hello.app+was+a+peer-to-peer%2C+decentralized+storage+platform+based+in+Barcelona.+Founded+in+2022+by+%C3%81lvaro+Pintado+and+Alexander+Baikalov+at+age+17%2C+it+was+among+the+first+to+offer+distributed+storage+on+mobile+devices%2C+allowing+users+to+monetize+unused+space+via+blockchain.It+aimed+to+replace+centralized+server+infrastructure+by+using+existing+personal+devices+as+nodes+in+a+fragmented%2C+distributed+and+encrypted+network.+In+this+model%2C+phones%2C+tablets%2C+and+laptops+would+collectively+function+as+storage+servers%2C+contributing+to+a+more+resilient%2C+worldwide+system+of+data+storage+with+no+single+point+of+control.%27%7D%2C+%7B%27title%27%3A+%27Hello+%28Lionel+Richie+song%29%27%2C+%27href%27%3A+%27https%3A%2F%2Fgrokipedia.com%2Fpage%2FHello_%28Lionel_Richie_song%29%27%2C+%27body%27%3A+%27Hello+%28Lionel+Richie+song%29+%22Hello%22+is+a+ballad+written%2C+arranged%2C+produced%2C+and+performed+by+American+singer-songwriter+Lionel+Richie%2C+released+in+1984+as+the+third+single+from+his+second+studio...%27%7D%2C+%7B%27title%27%3A+%27Welcome+to+Hello%21Lucky%27%2C+%27href%27%3A+%27https%3A%2F%2Fwww.hellolucky.com%2F%27%2C+%27body%27%3A+%27I+didn+t+knowHelloLucky+is+woman+owned%3A+All+the+better%21+I+write+about+5+cards+%28mainly+postcards%29+a+week%2C+but+wish+I+did+more+because+I+love+sending+...%27%7D%2C+%7B%27title%27%3A+%27%5BHello+Elementor%5D+Support+%7C+WordPress.org%27%2C+%27href%27%3A+%27https%3A%2F%2Fwordpress.org%2Fsupport%2Ftheme%2Fhello-elementor%2F%27%2C+%27body%27%3A+%27On+iPad+view%2C+theHelloElementor+menu+displays+the+dropdown+menu.+...+Persistent+FOUC+Issue+on+Multiple+Sites+UsingHelloElementor+and+Elementor+Pro%27%7D%2C+%7B%27title%27%3A+%27%5BHello+Biz%5D+Support+%7C+WordPress.org%27%2C+%27href%27%3A+%27https%3A%2F%2Fwordpress.org%2Fsupport%2Ftheme%2Fhello-biz%2F%27%2C+%27body%27%3A+%27Forums+%2F+Theme%3AHelloBiz+...HelloBiz%5D+Support+...hello-biz-child+doesn+%E2%80%99+t+load+child+style%27%7D%5D%0A&limit=1'))
2026-04-08 13:23:55,314 INFO response: https://search.brave.com/search?q=%0ASummarize+this+information%3A%0A%0A%5B%7B%27title%27%3A+%27Hello.app%27%2C+%27href%27%3A+%27https%3A%2F%2Fen.wikipedia.org%2Fwiki%2FHello.app%27%2C+%27body%27%3A+%27hello.app+was+a+peer-to-peer%2C+decentralized+storage+platform+based+in+Barcelona.+Founded+in+2022+by+%C3%81lvaro+Pintado+and+Alexander+Baikalov+at+age+17%2C+it+was+among+the+first+to+offer+distributed+storage+on+mobile+devices%2C+allowing+users+to+monetize+unused+space+via+blockchain.It+aimed+to+replace+centralized+server+infrastructure+by+using+existing+personal+devices+as+nodes+in+a+fragmented%2C+distributed+and+encrypted+network.+In+this+model%2C+phones%2C+tablets%2C+and+laptops+would+collectively+function+as+storage+servers%2C+contributing+to+a+more+resilient%2C+worldwide+system+of+data+storage+with+no+single+point+of+control.%27%7D%2C+%7B%27title%27%3A+%27Hello+%28Lionel+Richie+song%29%27%2C+%27href%27%3A+%27https%3A%2F%2Fgrokipedia.com%2Fpage%2FHello_%28Lionel_Richie_song%29%27%2C+%27body%27%3A+%27Hello+%28Lionel+Richie+song%29+%22Hello%22+is+a+ballad+written%2C+arranged%2C+produced%2C+and+performed+by+American+singer-songwriter+Lionel+Richie%2C+released+in+1984+as+the+third+single+from+his+second+studio...%27%7D%2C+%7B%27title%27%3A+%27Welcome+to+Hello%21Lucky%27%2C+%27href%27%3A+%27https%3A%2F%2Fwww.hellolucky.com%2F%27%2C+%27body%27%3A+%27I+didn+t+knowHelloLucky+is+woman+owned%3A+All+the+better%21+I+write+about+5+cards+%28mainly+postcards%29+a+week%2C+but+wish+I+did+more+because+I+love+sending+...%27%7D%2C+%7B%27title%27%3A+%27%5BHello+Elementor%5D+Support+%7C+WordPress.org%27%2C+%27href%27%3A+%27https%3A%2F%2Fwordpress.org%2Fsupport%2Ftheme%2Fhello-elementor%2F%27%2C+%27body%27%3A+%27On+iPad+view%2C+theHelloElementor+menu+displays+the+dropdown+menu.+...+Persistent+FOUC+Issue+on+Multiple+Sites+UsingHelloElementor+and+Elementor+Pro%27%7D%2C+%7B%27title%27%3A+%27%5BHello+Biz%5D+Support+%7C+WordPress.org%27%2C+%27href%27%3A+%27https%3A%2F%2Fwordpress.org%2Fsupport%2Ftheme%2Fhello-biz%2F%27%2C+%27body%27%3A+%27Forums+%2F+Theme%3AHelloBiz+...HelloBiz%5D+Support+...hello-biz-child+doesn+%E2%80%99+t+load+child+style%27%7D%5D%0A&source=web 200
2026-04-08 13:23:56,015 INFO response: https://www.google.com/search?q=%0ASummarize+this+information%3A%0A%0A%5B%7B%27title%27%3A+%27Hello.app%27%2C+%27href%27%3A+%27https%3A%2F%2Fen.wikipedia.org%2Fwiki%2FHello.app%27%2C+%27body%27%3A+%27hello.app+was+a+peer-to-peer%2C+decentralized+storage+platform+based+in+Barcelona.+Founded+in+2022+by+%C3%81lvaro+Pintado+and+Alexander+Baikalov+at+age+17%2C+it+was+among+the+first+to+offer+distributed+storage+on+mobile+devices%2C+allowing+users+to+monetize+unused+space+via+blockchain.It+aimed+to+replace+centralized+server+infrastructure+by+using+existing+personal+devices+as+nodes+in+a+fragmented%2C+distributed+and+encrypted+network.+In+this+model%2C+phones%2C+tablets%2C+and+laptops+would+collectively+function+as+storage+servers%2C+contributing+to+a+more+resilient%2C+worldwide+system+of+data+storage+with+no+single+point+of+control.%27%7D%2C+%7B%27title%27%3A+%27Hello+%28Lionel+Richie+song%29%27%2C+%27href%27%3A+%27https%3A%2F%2Fgrokipedia.com%2Fpage%2FHello_%28Lionel_Richie_song%29%27%2C+%27body%27%3A+%27Hello+%28Lionel+Richie+song%29+%22Hello%22+is+a+ballad+written%2C+arranged%2C+produced%2C+and+performed+by+American+singer-songwriter+Lionel+Richie%2C+released+in+1984+as+the+third+single+from+his+second+studio...%27%7D%2C+%7B%27title%27%3A+%27Welcome+to+Hello%21Lucky%27%2C+%27href%27%3A+%27https%3A%2F%2Fwww.hellolucky.com%2F%27%2C+%27body%27%3A+%27I+didn+t+knowHelloLucky+is+woman+owned%3A+All+the+better%21+I+write+about+5+cards+%28mainly+postcards%29+a+week%2C+but+wish+I+did+more+because+I+love+sending+...%27%7D%2C+%7B%27title%27%3A+%27%5BHello+Elementor%5D+Support+%7C+WordPress.org%27%2C+%27href%27%3A+%27https%3A%2F%2Fwordpress.org%2Fsupport%2Ftheme%2Fhello-elementor%2F%27%2C+%27body%27%3A+%27On+iPad+view%2C+theHelloElementor+menu+displays+the+dropdown+menu.+...+Persistent+FOUC+Issue+on+Multiple+Sites+UsingHelloElementor+and+Elementor+Pro%27%7D%2C+%7B%27title%27%3A+%27%5BHello+Biz%5D+Support+%7C+WordPress.org%27%2C+%27href%27%3A+%27https%3A%2F%2Fwordpress.org%2Fsupport%2Ftheme%2Fhello-biz%2F%27%2C+%27body%27%3A+%27Forums+%2F+Theme%3AHelloBiz+...HelloBiz%5D+Support+...hello-biz-child+doesn+%E2%80%99+t+load+child+style%27%7D%5D%0A&filter=1&start=0&hl=en-US&lr=lang_en&cr=countryUS 403
2026-04-08 13:23:56,929 INFO response: https://www.mojeek.com/search?q=%0ASummarize+this+information%3A%0A%0A%5B%7B%27title%27%3A+%27Hello.app%27%2C+%27href%27%3A+%27https%3A%2F%2Fen.wikipedia.org%2Fwiki%2FHello.app%27%2C+%27body%27%3A+%27hello.app+was+a+peer-to-peer%2C+decentralized+storage+platform+based+in+Barcelona.+Founded+in+2022+by+%C3%81lvaro+Pintado+and+Alexander+Baikalov+at+age+17%2C+it+was+among+the+first+to+offer+distributed+storage+on+mobile+devices%2C+allowing+users+to+monetize+unused+space+via+blockchain.It+aimed+to+replace+centralized+server+infrastructure+by+using+existing+personal+devices+as+nodes+in+a+fragmented%2C+distributed+and+encrypted+network.+In+this+model%2C+phones%2C+tablets%2C+and+laptops+would+collectively+function+as+storage+servers%2C+contributing+to+a+more+resilient%2C+worldwide+system+of+data+storage+with+no+single+point+of+control.%27%7D%2C+%7B%27title%27%3A+%27Hello+%28Lionel+Richie+song%29%27%2C+%27href%27%3A+%27https%3A%2F%2Fgrokipedia.com%2Fpage%2FHello_%28Lionel_Richie_song%29%27%2C+%27body%27%3A+%27Hello+%28Lionel+Richie+song%29+%22Hello%22+is+a+ballad+written%2C+arranged%2C+produced%2C+and+performed+by+American+singer-songwriter+Lionel+Richie%2C+released+in+1984+as+the+third+single+from+his+second+studio...%27%7D%2C+%7B%27title%27%3A+%27Welcome+to+Hello%21Lucky%27%2C+%27href%27%3A+%27https%3A%2F%2Fwww.hellolucky.com%2F%27%2C+%27body%27%3A+%27I+didn+t+knowHelloLucky+is+woman+owned%3A+All+the+better%21+I+write+about+5+cards+%28mainly+postcards%29+a+week%2C+but+wish+I+did+more+because+I+love+sending+...%27%7D%2C+%7B%27title%27%3A+%27%5BHello+Elementor%5D+Support+%7C+WordPress.org%27%2C+%27href%27%3A+%27https%3A%2F%2Fwordpress.org%2Fsupport%2Ftheme%2Fhello-elementor%2F%27%2C+%27body%27%3A+%27On+iPad+view%2C+theHelloElementor+menu+displays+the+dropdown+menu.+...+Persistent+FOUC+Issue+on+Multiple+Sites+UsingHelloElementor+and+Elementor+Pro%27%7D%2C+%7B%27title%27%3A+%27%5BHello+Biz%5D+Support+%7C+WordPress.org%27%2C+%27href%27%3A+%27https%3A%2F%2Fwordpress.org%2Fsupport%2Ftheme%2Fhello-biz%2F%27%2C+%27body%27%3A+%27Forums+%2F+Theme%3AHelloBiz+...HelloBiz%5D+Support+...hello-biz-child+doesn+%E2%80%99+t+load+child+style%27%7D%5D%0A 400
2026-04-08 13:23:57,584 INFO response: https://html.duckduckgo.com/50x.html?e=3 200
2026-04-08 13:23:59,545 INFO response: https://yandex.com/search/site/?text=%0ASummarize%20this%20information%3A%0A%0A%5B%7B%27title%27%3A%20%27Hello.app%27%2C%20%27href%27%3A%20%27https%3A%2F%2Fen.wikipedia.org%2Fwiki%2FHello.app%27%2C%20%27body%27%3A%20%27hello.app%20was%20a%20peer-to-peer%2C%20decentralized%20storage%20platform%20based%20in%20Barcelona.%20Founded%20in%202022%20by%20%C3%81lvaro%20Pintado%20and%20Alexander%20Baikalov%20at%20age%2017%2C%20it%20was%20among%20the%20first%20to%20offer%20distributed%20storage%20on%20mobile%20devices%2C%20allowing%20users%20to%20monetize%20unused%20space%20via%20blockchain.It%20aimed%20to%20&web=1&searchid=7439734&lr=10558&redircnt=1775634838.1 200
2026-04-08 13:35:51,684 INFO Shutting down Sherly.
2026-04-08 13:36:03,550 INFO Sherly UI started with global hotkeys (Ctrl+Shift+L / Ctrl+Shift+P).
2026-04-08 13:37:23,061 INFO Hotkey Triggered: Listen Once
2026-04-08 13:37:42,268 INFO Hotkey Triggered: Listen Once
2026-04-08 13:37:46,959 INFO Processing audio with duration 00:04.000
2026-04-08 13:37:47,076 INFO VAD filter removed 00:00.528 of audio
2026-04-08 13:37:52,278 INFO Active local model set: phi3
2026-04-08 13:38:05,214 INFO Imported existing <module 'comtypes.gen' from 'C:\\Users\\ASUS\\AppData\\Local\\Programs\\Python\\Python313\\Lib\\site-packages\\comtypes\\gen\\__init__.py'>
2026-04-08 13:38:05,214 INFO Using writeable comtypes cache directory: 'C:\Users\ASUS\AppData\Local\Programs\Python\Python313\Lib\site-packages\comtypes\gen'
2026-04-08 13:38:35,663 INFO Hotkey Triggered: Listen Once
2026-04-08 13:38:40,451 INFO Processing audio with duration 00:04.000
2026-04-08 13:38:40,460 INFO VAD filter removed 00:02.496 of audio
2026-04-08 13:38:59,401 INFO Hotkey Triggered: Listen Once
2026-04-08 13:39:04,435 INFO Processing audio with duration 00:04.000
2026-04-08 13:39:04,442 INFO VAD filter removed 00:02.544 of audio
2026-04-08 13:49:01,792 INFO Shutting down Sherly.
2026-04-08 13:49:08,691 INFO Sherly UI started with global hotkeys (Ctrl+Shift+L / Ctrl+Shift+P).
2026-04-08 13:49:12,340 INFO Hotkey Triggered: Listen Once
2026-04-08 13:49:33,996 INFO Hotkey Triggered: Listen Once
2026-04-08 13:49:38,759 INFO Processing audio with duration 00:04.000
2026-04-08 13:49:38,868 INFO VAD filter removed 00:02.496 of audio
2026-04-08 13:49:39,327 INFO Imported existing <module 'comtypes.gen' from 'C:\\Users\\ASUS\\AppData\\Local\\Programs\\Python\\Python313\\Lib\\site-packages\\comtypes\\gen\\__init__.py'>
2026-04-08 13:49:39,327 INFO Using writeable comtypes cache directory: 'C:\Users\ASUS\AppData\Local\Programs\Python\Python313\Lib\site-packages\comtypes\gen'
2026-04-08 13:49:47,512 INFO Hotkey Triggered: Listen Once
2026-04-08 13:49:52,353 INFO Processing audio with duration 00:04.000
2026-04-08 13:49:52,359 INFO VAD filter removed 00:02.352 of audio
2026-04-08 13:49:53,584 INFO response: https://en.wikipedia.org/w/api.php?action=opensearch&profile=fuzzy&limit=1&search=Apple. 200
2026-04-08 13:49:53,958 INFO response: https://en.wikipedia.org/w/api.php?action=query&format=json&prop=extracts&titles=Apple%20Inc.&explaintext=0&exintro=0&redirects=1 200
2026-04-08 13:49:54,482 INFO response: https://grokipedia.com/api/typeahead?query=Apple.&limit=1 200
2026-04-08 13:49:55,827 INFO response: https://yandex.com/search/site/?text=Apple.&web=1&searchid=5071529 200
2026-04-08 13:49:55,865 INFO Active local model set: phi3
2026-04-08 13:50:17,864 INFO Hotkey Triggered: Listen Once
2026-04-08 13:50:22,593 INFO Processing audio with duration 00:04.000
2026-04-08 13:50:22,599 INFO VAD filter removed 00:02.112 of audio
2026-04-08 13:50:23,516 INFO response: https://grokipedia.com/api/typeahead?query=Hitler%21&limit=1 200
2026-04-08 13:50:23,518 INFO response: https://en.wikipedia.org/w/api.php?action=opensearch&profile=fuzzy&limit=1&search=Hitler%21 200
2026-04-08 13:50:23,846 INFO response: https://en.wikipedia.org/w/api.php?action=query&format=json&prop=extracts&titles=Adolf%20Hitler&explaintext=0&exintro=0&redirects=1 200
2026-04-08 13:50:24,734 INFO response: https://search.brave.com/search?q=Hitler%21&source=web 200
2026-04-08 13:52:12,044 INFO Hotkey Triggered: Listen Once
2026-04-08 13:52:16,738 INFO Processing audio with duration 00:04.000
2026-04-08 13:52:16,744 INFO VAD filter removed 00:02.400 of audio
2026-04-08 13:54:11,308 INFO Hotkey Triggered: Listen Once
2026-04-08 13:54:16,129 INFO Processing audio with duration 00:04.000
2026-04-08 13:54:16,134 INFO VAD filter removed 00:00.080 of audio
2026-04-08 13:54:17,451 INFO response: https://grokipedia.com/api/typeahead?query=Gokin%21+Search+Gokin%21+Search+Gokin%21&limit=1 200
2026-04-08 13:54:17,527 INFO response: https://en.wikipedia.org/w/api.php?action=opensearch&profile=fuzzy&limit=1&search=Gokin%21%20Search%20Gokin%21%20Search%20Gokin%21 200
2026-04-08 13:54:18,206 INFO response: https://www.google.com/search?q=Gokin%21+Search+Gokin%21+Search+Gokin%21&filter=1&start=0&hl=en-US&lr=lang_en&cr=countryUS 200
2026-04-08 13:54:37,265 INFO Hotkey Triggered: Listen Once
2026-04-08 13:54:42,065 INFO Processing audio with duration 00:04.000
2026-04-08 13:54:42,070 INFO VAD filter removed 00:00.000 of audio
2026-04-08 13:56:54,597 INFO Shutting down Sherly.
2026-04-08 13:57:40,375 INFO Sherly UI started with global hotkeys (Ctrl+Shift+L / Ctrl+Shift+P).
2026-04-08 13:57:48,926 INFO Processing audio with duration 00:04.000
2026-04-08 13:57:49,040 INFO VAD filter removed 00:02.016 of audio
2026-04-08 13:57:49,336 INFO Active local model set: phi3
2026-04-08 13:57:54,038 INFO Imported existing <module 'comtypes.gen' from 'C:\\Users\\ASUS\\AppData\\Local\\Programs\\Python\\Python313\\Lib\\site-packages\\comtypes\\gen\\__init__.py'>
2026-04-08 13:57:54,038 INFO Using writeable comtypes cache directory: 'C:\Users\ASUS\AppData\Local\Programs\Python\Python313\Lib\site-packages\comtypes\gen'
2026-04-08 13:58:24,832 INFO response: https://grokipedia.com/api/typeahead?query=apple&limit=1 200
2026-04-08 13:58:24,907 INFO response: https://en.wikipedia.org/w/api.php?action=opensearch&profile=fuzzy&limit=1&search=apple 200
2026-04-08 13:58:25,242 INFO response: https://en.wikipedia.org/w/api.php?action=query&format=json&prop=extracts&titles=Apple&explaintext=0&exintro=0&redirects=1 200
2026-04-08 13:58:26,230 INFO response: https://html.duckduckgo.com/html/ 200
2026-04-08 13:59:09,792 INFO response: https://en.wikipedia.org/w/api.php?action=opensearch&profile=fuzzy&limit=1&search=drugs 200
2026-04-08 13:59:10,128 INFO response: https://en.wikipedia.org/w/api.php?action=query&format=json&prop=extracts&titles=Drugs&explaintext=0&exintro=0&redirects=1 200
2026-04-08 13:59:10,859 INFO response: https://grokipedia.com/api/typeahead?query=drugs&limit=1 200
2026-04-08 13:59:11,840 INFO response: https://search.yahoo.com/search;_ylt=9xyh4fqorB59pvBnPeBWjB6f;_ylu=NArm2uYBl7BzEOxHT5DP59PQCSlsWSY7NHtYgtB0bE0NpKk?p=drugs 200
2026-04-08 13:59:12,742 INFO response: https://www.google.com/search?q=drugs&filter=1&start=0&hl=en-US&lr=lang_en&cr=countryUS 200
2026-04-08 13:59:45,657 INFO response: https://en.wikipedia.org/w/api.php?action=opensearch&profile=fuzzy&limit=1&search=click%20show%20more%20in%20ai%20overview 200
2026-04-08 13:59:46,113 INFO response: https://grokipedia.com/api/typeahead?query=click+show+more+in+ai+overview&limit=1 200
2026-04-08 13:59:47,124 INFO response: https://search.brave.com/search?q=click+show+more+in+ai+overview&source=web 200
2026-04-08 13:59:57,112 INFO response: https://grokipedia.com/api/typeahead?query=mia+khalifa&limit=1 200
2026-04-08 13:59:57,138 INFO response: https://en.wikipedia.org/w/api.php?action=opensearch&profile=fuzzy&limit=1&search=mia%20khalifa 200
2026-04-08 13:59:57,464 INFO response: https://en.wikipedia.org/w/api.php?action=query&format=json&prop=extracts&titles=Mia%20Khalifa&explaintext=0&exintro=0&redirects=1 200
2026-04-08 13:59:59,193 INFO response: https://www.mojeek.com/search?q=mia+khalifa 200
2026-04-08 14:00:16,292 INFO response: https://grokipedia.com/api/typeahead?query=open+lesbify+website&limit=1 200
2026-04-08 14:00:16,424 INFO response: https://en.wikipedia.org/w/api.php?action=opensearch&profile=fuzzy&limit=1&search=open%20lesbify%20website 200
2026-04-08 14:00:17,287 INFO response: https://search.brave.com/search?q=open+lesbify+website&source=web 200
2026-04-08 14:07:53,848 INFO response: https://en.wikipedia.org/w/api.php?action=opensearch&profile=fuzzy&limit=1&search=apple 200
2026-04-08 14:07:54,226 INFO response: https://en.wikipedia.org/w/api.php?action=query&format=json&prop=extracts&titles=Apple&explaintext=0&exintro=0&redirects=1 200
2026-04-08 14:07:55,348 INFO response: https://grokipedia.com/api/typeahead?query=apple&limit=1 200
2026-04-08 14:07:56,394 INFO response: https://www.google.com/search?q=apple&filter=1&start=0&hl=en-US&lr=lang_en&cr=countryUS 403
2026-04-08 14:07:57,592 INFO response: https://search.yahoo.com/search;_ylt=Pc8hDV8KQeuA4I6wIvgDIKPb;_ylu=22RfGtT3APSesKl8oTePaVNAZMxylKunh_nmtsa2RnwRmP0?p=apple 200
2026-04-08 14:08:00,341 INFO Unloaded model: phi3
2026-04-08 14:08:00,342 INFO Active local model set: phi3
2026-04-08 14:15:54,420 INFO Shutting down Sherly.
2026-04-08 14:16:00,874 INFO Sherly UI started with global hotkeys (Ctrl+Shift+L / Ctrl+Shift+P).
2026-04-08 14:16:05,776 INFO Error: '"action"'
2026-04-08 14:16:05,855 INFO Imported existing <module 'comtypes.gen' from 'C:\\Users\\ASUS\\AppData\\Local\\Programs\\Python\\Python313\\Lib\\site-packages\\comtypes\\gen\\__init__.py'>
2026-04-08 14:16:05,856 INFO Using writeable comtypes cache directory: 'C:\Users\ASUS\AppData\Local\Programs\Python\Python313\Lib\site-packages\comtypes\gen'
2026-04-08 14:19:09,760 INFO Active local model set: phi3
2026-04-08 14:19:17,686 INFO response: https://grokipedia.com/api/typeahead?query=porn+videos&limit=1 200
2026-04-08 14:19:17,836 INFO response: https://en.wikipedia.org/w/api.php?action=opensearch&profile=fuzzy&limit=1&search=porn%20videos 200
2026-04-08 14:19:18,179 INFO response: https://en.wikipedia.org/w/api.php?action=query&format=json&prop=extracts&titles=Porn%20videos&explaintext=0&exintro=0&redirects=1 200
2026-04-08 14:19:19,059 INFO response: https://www.google.com/search?q=porn+videos&filter=1&start=0&hl=en-US&lr=lang_en&cr=countryUS 403
2026-04-08 14:19:20,467 INFO response: https://yandex.com/search/site/?text=porn+videos&web=1&searchid=6983308 200
2026-04-08 14:19:38,118 INFO Error: '"action"'
2026-04-08 14:19:46,858 INFO Error: '"action"'
2026-04-08 14:20:16,687 INFO response: https://grokipedia.com/api/typeahead?query=mia+khalifa&limit=1 200
2026-04-08 14:20:16,724 INFO response: https://en.wikipedia.org/w/api.php?action=opensearch&profile=fuzzy&limit=1&search=mia%20khalifa 200
2026-04-08 14:20:17,051 INFO response: https://en.wikipedia.org/w/api.php?action=query&format=json&prop=extracts&titles=Mia%20Khalifa&explaintext=0&exintro=0&redirects=1 200
2026-04-08 14:20:18,089 INFO response: https://search.brave.com/search?q=mia+khalifa&source=web 200
2026-04-08 14:20:42,746 INFO response: https://grokipedia.com/api/typeahead?query=virat+kohli&limit=1 200
2026-04-08 14:20:42,858 INFO response: https://en.wikipedia.org/w/api.php?action=opensearch&profile=fuzzy&limit=1&search=virat%20kohli 200
2026-04-08 14:20:43,197 INFO response: https://en.wikipedia.org/w/api.php?action=query&format=json&prop=extracts&titles=Virat%20Kohli&explaintext=0&exintro=0&redirects=1 200
2026-04-08 14:20:43,906 INFO response: https://search.yahoo.com/search;_ylt=KsnN3W1PU7hxSY1YU1nENdOc;_ylu=xtkGKU26vesksYWjMpgenDpMWqIVwgqpAZqM0suiV23o18k?p=virat+kohli 200
2026-04-08 14:27:57,472 INFO Unloaded model: phi3
2026-04-08 14:27:57,472 INFO Active local model set: phi3
2026-04-08 14:28:04,197 INFO response: https://en.wikipedia.org/w/api.php?action=opensearch&profile=fuzzy&limit=1&search=apple 200
2026-04-08 14:28:04,532 INFO response: https://en.wikipedia.org/w/api.php?action=query&format=json&prop=extracts&titles=Apple&explaintext=0&exintro=0&redirects=1 200
2026-04-08 14:28:04,803 INFO response: https://grokipedia.com/api/typeahead?query=apple&limit=1 200
2026-04-08 14:28:05,541 INFO response: https://search.brave.com/search?q=apple&source=web 200
2026-04-08 14:30:11,518 INFO Shutting down Sherly.
2026-04-08 14:30:29,893 INFO Sherly UI started with global hotkeys (Ctrl+Shift+L / Ctrl+Shift+P).
2026-04-08 15:43:16,166 INFO Sherly UI started with global hotkeys (Ctrl+Shift+L / Ctrl+Shift+P).
2026-04-08 15:43:41,531 INFO Error: '"action"'
2026-04-08 15:43:41,957 INFO Imported existing <module 'comtypes.gen' from 'C:\\Users\\ASUS\\AppData\\Local\\Programs\\Python\\Python313\\Lib\\site-packages\\comtypes\\gen\\__init__.py'>
2026-04-08 15:43:41,958 INFO Using writeable comtypes cache directory: 'C:\Users\ASUS\AppData\Local\Programs\Python\Python313\Lib\site-packages\comtypes\gen'
2026-04-08 15:43:48,732 INFO Error: '"action"'
2026-04-08 15:44:44,566 INFO Error: '"action"'
2026-04-08 15:44:54,278 INFO Error: '"action"'
2026-04-08 15:45:37,245 INFO Processing audio with duration 00:04.000
2026-04-08 15:45:37,556 INFO VAD filter removed 00:00.144 of audio
2026-04-08 15:45:37,937 INFO Active local model set: phi3
2026-04-08 15:46:54,840 INFO Error: '"action"'
2026-04-08 15:47:05,805 INFO Error: '"action"'
2026-04-08 15:48:00,105 INFO response: https://en.wikipedia.org/w/api.php?action=opensearch&profile=fuzzy&limit=1&search=apple 200
2026-04-08 15:48:00,452 INFO response: https://en.wikipedia.org/w/api.php?action=query&format=json&prop=extracts&titles=Apple&explaintext=0&exintro=0&redirects=1 200
2026-04-08 15:48:00,706 INFO response: https://grokipedia.com/api/typeahead?query=apple&limit=1 200
2026-04-08 15:48:01,707 INFO response: https://html.duckduckgo.com/html/ 200
2026-04-08 15:49:05,835 INFO response: https://en.wikipedia.org/w/api.php?action=opensearch&profile=fuzzy&limit=1&search=ipl 200
2026-04-08 15:49:06,231 INFO response: https://en.wikipedia.org/w/api.php?action=query&format=json&prop=extracts&titles=Ipl&explaintext=0&exintro=0&redirects=1 200
2026-04-08 15:49:06,366 INFO response: https://grokipedia.com/api/typeahead?query=ipl&limit=1 200
2026-04-08 15:49:07,278 INFO response: https://html.duckduckgo.com/html/ 200
2026-04-08 15:49:24,362 INFO Error: '"action"'
2026-04-08 15:49:24,432 INFO Processing audio with duration 00:04.000
2026-04-08 15:49:24,439 INFO VAD filter removed 00:00.848 of audio
2026-04-08 15:49:45,595 INFO Processing audio with duration 00:04.000
2026-04-08 15:49:45,601 INFO VAD filter removed 00:00.800 of audio
2026-04-08 15:51:01,420 INFO Hotkey Triggered: Listen Once
2026-04-08 15:51:02,608 INFO Hotkey Triggered: Listen Once
2026-04-08 15:51:14,915 INFO Shutting down Sherly.
2026-04-08 15:53:34,964 INFO Active local model set: phi3
2026-04-08 15:55:00,445 INFO Sherly UI started with global hotkeys (Ctrl+Shift+L / Ctrl+Shift+P).
2026-04-08 15:55:12,830 INFO Active local model set: phi3
2026-04-08 15:55:21,200 INFO Imported existing <module 'comtypes.gen' from 'C:\\Users\\ASUS\\AppData\\Local\\Programs\\Python\\Python313\\Lib\\site-packages\\comtypes\\gen\\__init__.py'>
2026-04-08 15:55:21,200 INFO Using writeable comtypes cache directory: 'C:\Users\ASUS\AppData\Local\Programs\Python\Python313\Lib\site-packages\comtypes\gen'
2026-04-08 15:58:38,802 INFO response: https://en.wikipedia.org/w/api.php?action=opensearch&profile=fuzzy&limit=1&search=instagram 200
2026-04-08 15:58:39,253 INFO response: https://en.wikipedia.org/w/api.php?action=query&format=json&prop=extracts&titles=Instagram&explaintext=0&exintro=0&redirects=1 200
2026-04-08 15:58:40,152 INFO response: https://grokipedia.com/api/typeahead?query=instagram&limit=1 200
2026-04-08 15:58:41,277 INFO response: https://yandex.com/search/site/?text=instagram&web=1&searchid=2845553 200
2026-04-08 15:59:52,307 INFO response: https://en.wikipedia.org/w/api.php?action=opensearch&profile=fuzzy&limit=1&search=xhamster 200
2026-04-08 15:59:52,677 INFO response: https://en.wikipedia.org/w/api.php?action=query&format=json&prop=extracts&titles=XHamster&explaintext=0&exintro=0&redirects=1 200
2026-04-08 15:59:54,216 INFO response: https://grokipedia.com/api/typeahead?query=xhamster&limit=1 200
2026-04-08 15:59:54,801 INFO response: https://search.brave.com/search?q=xhamster&source=web 200
2026-04-08 16:01:00,711 INFO response: https://en.wikipedia.org/w/api.php?action=opensearch&profile=fuzzy&limit=1&search=i%20pl%20france%20international%20players%20list 200
2026-04-08 16:01:01,411 INFO response: https://grokipedia.com/api/typeahead?query=i+pl+france+international+players+list&limit=1 200
2026-04-08 16:01:02,062 INFO response: https://search.yahoo.com/search;_ylt=te2Ldr-bMsAB-UltIF6koWNO;_ylu=43U-m7HaPiBmLL7oMrD_FNW3rMiQk4_emfLasart6a5YnQ0?p=i+pl+france+international+players+list 200
2026-04-08 16:01:03,873 INFO response: https://yandex.com/search/site/?text=i+pl+france+international+players+list&web=1&searchid=2453755 200
2026-04-08 16:16:51,214 INFO Active local model set: phi3
2026-04-08 16:20:40,026 INFO Sherly UI started with global hotkeys (Ctrl+Shift+L / Ctrl+Shift+P).
2026-04-08 16:20:57,610 INFO Active local model set: phi3
2026-04-08 16:21:05,320 INFO Imported existing <module 'comtypes.gen' from 'C:\\Users\\ASUS\\AppData\\Local\\Programs\\Python\\Python313\\Lib\\site-packages\\comtypes\\gen\\__init__.py'>
2026-04-08 16:21:05,320 INFO Using writeable comtypes cache directory: 'C:\Users\ASUS\AppData\Local\Programs\Python\Python313\Lib\site-packages\comtypes\gen'
2026-04-08 16:21:52,149 INFO response: https://grokipedia.com/api/typeahead?query=aadhar+and+click+on+first+link&limit=1 200
2026-04-08 16:21:52,191 INFO response: https://en.wikipedia.org/w/api.php?action=opensearch&profile=fuzzy&limit=1&search=aadhar%20and%20click%20on%20first%20link 200
2026-04-08 16:21:53,249 INFO response: https://www.google.com/search?q=aadhar+and+click+on+first+link&filter=1&start=0&hl=en-US&lr=lang_en&cr=countryUS 403
2026-04-08 16:21:54,725 INFO response: https://yandex.com/search/site/?text=aadhar+and+click+on+first+link&web=1&searchid=4357791 200
2026-04-08 16:22:33,602 INFO response: https://en.wikipedia.org/w/api.php?action=opensearch&profile=fuzzy&limit=1&search=apple 200
2026-04-08 16:22:33,966 INFO response: https://en.wikipedia.org/w/api.php?action=query&format=json&prop=extracts&titles=Apple&explaintext=0&exintro=0&redirects=1 200
2026-04-08 16:22:34,124 INFO response: https://grokipedia.com/api/typeahead?query=apple&limit=1 200
2026-04-08 16:22:34,963 INFO response: https://html.duckduckgo.com/html/ 200
2026-04-08 16:22:52,419 INFO response: https://en.wikipedia.org/w/api.php?action=opensearch&profile=fuzzy&limit=1&search=banana 200
2026-04-08 16:22:52,774 INFO response: https://en.wikipedia.org/w/api.php?action=query&format=json&prop=extracts&titles=Banana&explaintext=0&exintro=0&redirects=1 200
2026-04-08 16:22:54,032 INFO response: https://grokipedia.com/api/typeahead?query=banana&limit=1 200
2026-04-08 16:22:54,839 INFO response: https://search.brave.com/search?q=banana&source=web 200
2026-04-08 16:23:15,032 INFO response: https://en.wikipedia.org/w/api.php?action=opensearch&profile=fuzzy&limit=1&search=xhamster 200
2026-04-08 16:23:15,290 INFO response: https://grokipedia.com/api/typeahead?query=xhamster&limit=1 200
2026-04-08 16:23:15,386 INFO response: https://en.wikipedia.org/w/api.php?action=query&format=json&prop=extracts&titles=XHamster&explaintext=0&exintro=0&redirects=1 200
2026-04-08 16:23:16,436 INFO response: https://yandex.com/search/site/?text=xhamster&web=1&searchid=8730071 200
2026-04-08 16:25:19,814 INFO Active local model set: phi3
2026-04-08 16:30:49,660 INFO Sherly UI started with global hotkeys (Ctrl+Shift+L / Ctrl+Shift+P).
2026-04-08 16:31:00,542 INFO Error: '\n  "query"'
2026-04-08 16:31:00,626 INFO Imported existing <module 'comtypes.gen' from 'C:\\Users\\ASUS\\AppData\\Local\\Programs\\Python\\Python313\\Lib\\site-packages\\comtypes\\gen\\__init__.py'>
2026-04-08 16:31:00,626 INFO Using writeable comtypes cache directory: 'C:\Users\ASUS\AppData\Local\Programs\Python\Python313\Lib\site-packages\comtypes\gen'
2026-04-08 16:31:07,087 INFO Error: '\n  "query"'
2026-04-08 16:31:12,589 INFO Error: '\n  "query"'
2026-04-08 16:31:47,251 INFO response: https://en.wikipedia.org/w/api.php?action=opensearch&profile=fuzzy&limit=1&search=search%20latest%20news%20and%20play%20any%20random%20video 200
2026-04-08 16:31:47,724 INFO response: https://grokipedia.com/api/typeahead?query=search+latest+news+and+play+any+random+video&limit=1 200
2026-04-08 16:31:48,881 INFO response: https://search.brave.com/search?q=search+latest+news+and+play+any+random+video&source=web 200
2026-04-08 16:31:48,927 INFO Error: 0
2026-04-08 16:32:32,660 INFO Error: '\n  "query"'
2026-04-08 16:33:16,549 INFO Active local model set: phi3
2026-04-08 16:36:12,603 INFO Active local model set: phi3
2026-04-08 16:36:21,491 INFO response: https://grokipedia.com/api/typeahead?query=latest+news+and+play+any+random+video&limit=1 200
2026-04-08 16:36:21,501 INFO response: https://en.wikipedia.org/w/api.php?action=opensearch&profile=fuzzy&limit=1&search=latest%20news%20and%20play%20any%20random%20video 200
2026-04-08 16:36:22,323 INFO response: https://search.yahoo.com/search;_ylt=w2xv0ERblhaojF0BTykxmI8e;_ylu=cN6BXv-KWxNSA1KRY2TnYz_IU1YfrjrDhKDf5E9YRx14gZA?p=latest+news+and+play+any+random+video 200
2026-04-08 16:37:00,951 INFO Error: '\n  "query"'
2026-04-08 16:43:04,076 INFO Active local model set: phi3
2026-04-08 16:45:39,125 INFO Unloaded model: phi3
2026-04-08 16:45:39,126 INFO Active local model set: phi3
2026-04-08 16:45:42,887 INFO Error: '\n  "query"'
2026-04-08 16:46:05,365 INFO Sherly UI started with global hotkeys (Ctrl+Shift+L / Ctrl+Shift+P).
2026-04-08 16:47:29,625 INFO Active local model set: phi3
2026-04-08 16:47:39,282 INFO response: https://grokipedia.com/api/typeahead?query=seach+bollywood+music+on+yt+annd+play+video&limit=1 200
2026-04-08 16:47:39,336 INFO response: https://en.wikipedia.org/w/api.php?action=opensearch&profile=fuzzy&limit=1&search=seach%20bollywood%20music%20on%20yt%20annd%20play%20video 200
2026-04-08 16:47:41,581 INFO response: https://www.mojeek.com/search?q=seach+bollywood+music+on+yt+annd+play+video 200
2026-04-08 16:47:42,149 INFO Error in engine yahoo: DDGSException("RequestError: RequestError('error sending request for url (https://search.yahoo.com/search;_ylt=iOD6h6BRyExOVwhECvvmXEVV;_ylu=VI7pB8wX65iGqhZTtH5nDwukcdhaAopMPLIVQWiQb-iGvus?p=seach+bollywood+music+on+yt+annd+play+video)', 'https://search.yahoo.com/search;_ylt=iOD6h6BRyExOVwhECvvmXEVV;_ylu=VI7pB8wX65iGqhZTtH5nDwukcdhaAopMPLIVQWiQb-iGvus?p=seach+bollywood+music+on+yt+annd+play+video')")
2026-04-08 16:47:43,075 INFO response: https://html.duckduckgo.com/html/ 200
2026-04-08 16:47:47,828 INFO Imported existing <module 'comtypes.gen' from 'C:\\Users\\ASUS\\AppData\\Local\\Programs\\Python\\Python313\\Lib\\site-packages\\comtypes\\gen\\__init__.py'>
2026-04-08 16:47:47,829 INFO Using writeable comtypes cache directory: 'C:\Users\ASUS\AppData\Local\Programs\Python\Python313\Lib\site-packages\comtypes\gen'
2026-04-08 16:49:14,465 INFO Active local model set: phi3
2026-04-08 16:50:57,972 INFO Active local model set: phi3
2026-04-08 16:51:03,952 INFO response: https://en.wikipedia.org/w/api.php?action=opensearch&profile=fuzzy&limit=1&search=bollywood%20relaxing%20songs 200
2026-04-08 16:51:04,635 INFO response: https://grokipedia.com/api/typeahead?query=bollywood+relaxing+songs&limit=1 200
2026-04-08 16:51:05,655 INFO response: https://www.google.com/search?q=bollywood+relaxing+songs&filter=1&start=0&hl=en-US&lr=lang_en&cr=countryUS 403
2026-04-08 16:51:08,372 INFO response: https://yandex.com/search/site/?text=bollywood+relaxing+songs&web=1&searchid=3569572 200
2026-04-08 17:02:19,327 INFO Unloaded model: phi3
2026-04-08 17:02:19,328 INFO Active local model set: phi3
2026-04-08 17:02:28,099 INFO response: https://en.wikipedia.org/w/api.php?action=opensearch&profile=fuzzy&limit=1&search=maths%20educational%20videos 200
2026-04-08 17:02:28,521 INFO response: https://grokipedia.com/api/typeahead?query=maths+educational+videos&limit=1 200
2026-04-08 17:02:29,664 INFO response: https://html.duckduckgo.com/html/ 200
2026-04-08 17:03:42,819 INFO response: https://en.wikipedia.org/w/api.php?action=opensearch&profile=fuzzy&limit=1&search=site%3Ayoutube.com/results%3Fsearch_query%3Dporn%2Bvideo%20play%20porn%20video 200
2026-04-08 17:03:42,940 INFO Error in engine grokipedia: TimeoutException(TimeoutError('error sending request for url (https://grokipedia.com/api/typeahead?query=site%3Ayoutube.com%2Fresults%3Fsearch_query%3Dporn%2Bvideo+play+porn+video&limit=1)', 'https://grokipedia.com/api/typeahead?query=site%3Ayoutube.com%2Fresults%3Fsearch_query%3Dporn%2Bvideo+play+porn+video&limit=1'))
2026-04-08 17:03:44,710 INFO Error in engine yahoo: DDGSException("RequestError: RequestError('error sending request for url (https://search.yahoo.com/search;_ylt=9imhlotvMh3un1EOITCPi4oF;_ylu=XcWSibkPl3b5KRjGybv74DBuvqP12cKZyHyLdxgYbhYi9j4?p=site%3Ayoutube.com%2Fresults%3Fsearch_query%3Dporn%2Bvideo+play+porn+video)', 'https://search.yahoo.com/search;_ylt=9imhlotvMh3un1EOITCPi4oF;_ylu=XcWSibkPl3b5KRjGybv74DBuvqP12cKZyHyLdxgYbhYi9j4?p=site%3Ayoutube.com%2Fresults%3Fsearch_query%3Dporn%2Bvideo+play+porn+video')")
2026-04-08 17:03:49,719 INFO Error in engine brave: TimeoutException(TimeoutError('error sending request for url (https://www.google.com/search?q=site%3Ayoutube.com%2Fresults%3Fsearch_query%3Dporn%2Bvideo+play+porn+video&filter=1&start=0&hl=en-US&lr=lang_en&cr=countryUS)', 'https://www.google.com/search?q=site%3Ayoutube.com%2Fresults%3Fsearch_query%3Dporn%2Bvideo+play+porn+video&filter=1&start=0&hl=en-US&lr=lang_en&cr=countryUS'))
2026-04-08 17:03:50,905 INFO response: https://search.brave.com/search?q=site%3Ayoutube.com%2Fresults%3Fsearch_query%3Dporn%2Bvideo+play+porn+video&source=web 200
2026-04-08 17:03:50,989 INFO response: https://yandex.com/search/site/?text=site%3Ayoutube.com%2Fresults%3Fsearch_query%3Dporn%2Bvideo+play+porn+video&web=1&searchid=7850480 200
2026-04-08 17:03:52,181 INFO response: https://html.duckduckgo.com/html/ 200
2026-04-08 17:03:53,215 INFO response: https://www.mojeek.com/search?q=site%3Ayoutube.com%2Fresults%3Fsearch_query%3Dporn%2Bvideo+play+porn+video 403
2026-04-08 17:06:47,801 INFO Active local model set: phi3
2026-04-08 17:09:18,230 INFO Active local model set: phi3
2026-04-16 18:35:45,318 INFO Sherly UI started with global hotkeys (Ctrl+Shift+L / Ctrl+Shift+P).
2026-04-16 18:39:55,343 INFO Shutting down Sherly.
2026-04-16 18:40:01,774 INFO Sherly UI started with global hotkeys (Ctrl+Shift+L / Ctrl+Shift+P).
2026-04-16 18:40:29,686 INFO Active local model set: phi3
2026-04-16 18:40:51,796 INFO Imported existing <module 'comtypes.gen' from 'C:\\Users\\ASUS\\AppData\\Local\\Programs\\Python\\Python313\\Lib\\site-packages\\comtypes\\gen\\__init__.py'>
2026-04-16 18:40:51,796 INFO Using writeable comtypes cache directory: 'C:\Users\ASUS\AppData\Local\Programs\Python\Python313\Lib\site-packages\comtypes\gen'
2026-04-16 18:40:51,884 INFO Could not import comtypes.gen._C866CA3A_32F7_11D2_9602_00C04F8EE628_0_5_4: Typelib different than module
2026-04-16 18:40:51,888 INFO # Generating comtypes.gen._C866CA3A_32F7_11D2_9602_00C04F8EE628_0_5_4
2026-04-16 18:40:51,950 INFO # Generating comtypes.gen.SpeechLib
2026-04-16 19:11:15,822 INFO Shutting down Sherly.
2026-04-22 19:33:27,910 INFO [MainThread] [ActionManager] logged: write A
2026-04-22 19:33:27,911 INFO [MainThread] [ActionManager] logged: write B
2026-04-22 19:33:27,912 INFO [MainThread] [ActionManager] logged: dangerous action
2026-04-22 19:33:27,912 INFO [MainThread] [ActionManager] undoing: write B
2026-04-22 19:33:27,913 INFO [MainThread] [Undo] restored file: B.txt
2026-04-22 19:33:27,914 INFO [MainThread] [ActionManager] undoing: write A
2026-04-22 19:33:27,914 INFO [MainThread] [Undo] restored file: A.txt
2026-04-22 19:33:28,304 ERROR [MainThread] Error: test error
2026-04-22 19:33:28,413 WARNING [MainThread] timeout_call: slow exceeded 0.1s
2026-04-22 19:33:28,414 WARNING [MainThread] [TaskQueue] overloaded — task rejected
2026-04-22 19:34:12,520 INFO [MainThread] [ActionManager] logged: write A
2026-04-22 19:34:12,521 INFO [MainThread] [ActionManager] logged: write B
2026-04-22 19:34:12,521 INFO [MainThread] [ActionManager] logged: dangerous action
2026-04-22 19:34:12,522 INFO [MainThread] [ActionManager] undoing: write B
2026-04-22 19:34:12,522 INFO [MainThread] [Undo] restored file: B.txt
2026-04-22 19:34:12,523 INFO [MainThread] [ActionManager] undoing: write A
2026-04-22 19:34:12,524 INFO [MainThread] [Undo] restored file: A.txt
2026-04-22 19:34:12,528 ERROR [MainThread] Error: test error
2026-04-22 19:34:12,644 WARNING [MainThread] timeout_call: slow exceeded 0.1s
2026-04-22 19:34:12,645 WARNING [MainThread] [TaskQueue] overloaded — task rejected
2026-04-23 01:44:38,781 INFO [MainThread] [ActionManager] logged: test action
2026-04-23 01:44:38,787 INFO [MainThread] [ActionManager] logged: permanent action
2026-04-23 01:44:38,795 ERROR [MainThread] Error: test error
2026-04-23 01:44:38,905 WARNING [MainThread] timeout_call: slow exceeded 0.1s
2026-04-23 01:44:38,907 WARNING [MainThread] [TaskQueue] overloaded — task rejected
2026-04-23 01:44:57,672 INFO [MainThread] [ActionManager] logged: test action
2026-04-23 01:44:57,678 INFO [MainThread] [ActionManager] logged: permanent action
2026-04-23 01:44:57,687 ERROR [MainThread] Error: test error
2026-04-23 01:44:57,794 WARNING [MainThread] timeout_call: slow exceeded 0.1s
2026-04-23 01:44:57,796 WARNING [MainThread] [TaskQueue] overloaded — task rejected
2026-04-23 01:57:33,978 INFO [MainThread] [ActionManager] logged: test action
2026-04-23 01:57:33,983 INFO [MainThread] [ActionManager] logged: permanent action
2026-04-23 01:57:34,251 INFO [MainThread] [Orchestrator] Planning objective: Test Objective
2026-04-23 01:57:34,253 INFO [MainThread] LLM timeout for model=openai
2026-04-23 01:57:34,255 INFO [MainThread] Model error: 500 Server Error
2026-04-23 01:57:34,256 ERROR [MainThread] Error: test error
2026-04-23 01:57:34,357 WARNING [MainThread] timeout_call: slow exceeded 0.1s
2026-04-23 01:57:34,358 WARNING [MainThread] [TaskQueue] overloaded — task rejected
2026-04-23 01:57:48,930 INFO [MainThread] [ActionManager] logged: test action
2026-04-23 01:57:48,934 INFO [MainThread] [ActionManager] logged: permanent action
2026-04-23 01:57:48,943 INFO [MainThread] [Orchestrator] Planning objective: Test Objective
2026-04-23 01:57:48,945 INFO [MainThread] LLM timeout for model=openai
2026-04-23 01:57:48,947 INFO [MainThread] Model error: 500 Server Error
2026-04-23 01:57:48,948 ERROR [MainThread] Error: test error
2026-04-23 01:57:49,060 WARNING [MainThread] timeout_call: slow exceeded 0.1s
2026-04-23 01:57:49,061 WARNING [MainThread] [TaskQueue] overloaded — task rejected
2026-04-23 02:31:30,683 INFO [MainThread] [ActionManager] logged: test action
2026-04-23 02:31:30,688 INFO [MainThread] [ActionManager] logged: permanent action
2026-04-23 02:31:30,696 INFO [MainThread] [Orchestrator] Planning objective: Test Objective
2026-04-23 02:31:30,698 INFO [MainThread] LLM timeout for model=openai
2026-04-23 02:31:30,701 INFO [MainThread] Model error: 500 Server Error
2026-04-23 02:31:30,702 ERROR [MainThread] Error: test error
2026-04-23 02:31:30,818 WARNING [MainThread] timeout_call: slow exceeded 0.1s
2026-04-23 02:31:30,819 WARNING [MainThread] [TaskQueue] overloaded — task rejected
2026-04-23 02:56:14,394 INFO [MainThread] [Startup] warnings:
⚠ config.json not found — defaults will be used.
2026-04-23 02:56:14,432 INFO [MainThread] Global hotkeys enabled (Ctrl+Shift+L / Ctrl+Shift+P).
2026-04-23 02:56:17,066 INFO [SherlyTaskQueue] [RouterError] SECURITY_VIOLATION: Too fast — please wait a moment.
2026-04-23 02:58:51,384 INFO [MainThread] Global hotkeys enabled (Ctrl+Shift+L / Ctrl+Shift+P).
2026-04-23 03:03:02,990 INFO [SherlyTaskQueue] [RouterError] SECURITY_VIOLATION: Too fast — please wait a moment.
2026-04-28 01:06:35,006 INFO [MainThread] [ActionManager] logged: test action
2026-04-28 01:06:35,011 INFO [MainThread] [ActionManager] logged: permanent action
2026-04-28 01:06:35,042 INFO [MainThread] [Orchestrator] Planning objective: Test Objective
2026-04-28 01:06:35,048 INFO [MainThread] LLM timeout for model=openai
2026-04-28 01:06:35,054 INFO [MainThread] Model error: 500 Server Error
2026-04-28 01:06:35,056 ERROR [MainThread] Error: test error
2026-04-28 01:06:35,163 WARNING [MainThread] timeout_call: slow exceeded 0.1s
2026-04-28 01:12:26,017 INFO [MainThread] [ActionManager] logged: test action
2026-04-28 01:12:26,021 INFO [MainThread] [ActionManager] logged: permanent action
2026-04-28 01:12:27,340 INFO [MainThread] [ActionManager] logged: write C:\Users\ASUS\AppData\Local\Temp\pytest-of-ASUS\pytest-0\test_write_file_safe_creates_f0\output.txt
2026-04-28 01:12:27,356 INFO [MainThread] [ActionManager] logged: write C:\Users\ASUS\AppData\Local\Temp\pytest-of-ASUS\pytest-0\test_write_file_safe_overwrite0\existing.txt
2026-04-28 01:12:27,433 INFO [MainThread] [ActionManager] logged: delete C:\Users\ASUS\AppData\Local\Temp\pytest-of-ASUS\pytest-0\test_delete_file_safe_creates_0\todelete.txt
2026-04-28 01:12:27,455 INFO [MainThread] [AST] Patching function body: greet
2026-04-28 01:12:27,459 INFO [MainThread] [AST] Patching function body: farewell
2026-04-28 01:12:27,467 INFO [MainThread] [AST] Patching MyClass.method_b
2026-04-28 01:12:27,473 INFO [MainThread] [AST] Injected import: import sys
2026-04-28 01:12:27,480 INFO [MainThread] [AST] Renamed 'greet' → 'welcome'
2026-04-28 01:12:27,484 INFO [MainThread] [AST] Renamed 'foo' → 'bar'
2026-04-28 01:12:27,488 INFO [MainThread] [AST] Extracted lines 2–3 into compute_xy()
2026-04-28 01:12:27,518 INFO [MainThread] [Orchestrator] Planning objective: Test Objective
2026-04-28 01:12:27,523 INFO [MainThread] LLM timeout for model=openai
2026-04-28 01:12:27,529 INFO [MainThread] Model error: 500 Server Error
2026-04-28 01:12:27,532 ERROR [MainThread] Error: test error
2026-04-28 01:12:27,635 WARNING [MainThread] timeout_call: slow exceeded 0.1s
2026-04-28 01:12:27,849 INFO [MainThread] [Session] Created: token_a…
2026-04-28 01:12:27,852 INFO [MainThread] [Session] Created: token_b…
2026-04-28 01:12:27,855 INFO [MainThread] [Session] Created: user_1…
2026-04-28 01:12:27,855 INFO [MainThread] [Session] Created: user_2…
2026-04-28 01:12:27,861 INFO [MainThread] [Session] Created: to_delete…
2026-04-28 01:12:27,861 INFO [MainThread] [Session] Destroyed: to_delete…
2026-04-28 01:12:27,864 INFO [MainThread] [Session] Created: count_test_1…
2026-04-28 01:12:27,864 INFO [MainThread] [Session] Created: count_test_2…
2026-04-28 01:12:27,867 INFO [MainThread] [Session] Created: list_test…
2026-04-28 01:12:27,875 INFO [MainThread] [Session] Created: iso_a…
2026-04-28 01:12:27,876 INFO [MainThread] [Session] Created: iso_b…
2026-04-28 01:12:27,879 INFO [MainThread] [Session] Created: pend_a…
2026-04-28 01:12:27,880 INFO [MainThread] [Session] Created: pend_b…
2026-04-28 01:12:57,411 INFO [MainThread] [ActionManager] logged: test action
2026-04-28 01:12:57,415 INFO [MainThread] [ActionManager] logged: permanent action
2026-04-28 01:12:57,417 INFO [MainThread] [ActionManager] undoing: delete C:\Users\ASUS\AppData\Local\Temp\pytest-of-ASUS\pytest-0\test_delete_file_safe_creates_0\todelete.txt
2026-04-28 01:12:57,419 INFO [MainThread] [Undo] restored deleted file: C:\Users\ASUS\AppData\Local\Temp\pytest-of-ASUS\pytest-0\test_delete_file_safe_creates_0\todelete.txt
2026-04-28 01:12:58,680 INFO [MainThread] [ActionManager] logged: write C:\Users\ASUS\AppData\Local\Temp\pytest-of-ASUS\pytest-1\test_write_file_safe_creates_f0\output.txt
2026-04-28 01:12:58,697 INFO [MainThread] [ActionManager] logged: write C:\Users\ASUS\AppData\Local\Temp\pytest-of-ASUS\pytest-1\test_write_file_safe_overwrite0\existing.txt
2026-04-28 01:12:58,781 INFO [MainThread] [ActionManager] logged: delete C:\Users\ASUS\AppData\Local\Temp\pytest-of-ASUS\pytest-1\test_delete_file_safe_creates_0\todelete.txt
2026-04-28 01:12:58,803 INFO [MainThread] [AST] Patching function body: greet
2026-04-28 01:12:58,807 INFO [MainThread] [AST] Patching function body: farewell
2026-04-28 01:12:58,816 INFO [MainThread] [AST] Patching MyClass.method_b
2026-04-28 01:12:58,824 INFO [MainThread] [AST] Injected import: import sys
2026-04-28 01:12:58,829 INFO [MainThread] [AST] Renamed 'greet' → 'welcome'
2026-04-28 01:12:58,832 INFO [MainThread] [AST] Renamed 'foo' → 'bar'
2026-04-28 01:12:58,835 INFO [MainThread] [AST] Extracted lines 2–3 into compute_xy()
2026-04-28 01:12:58,860 INFO [MainThread] [Orchestrator] Planning objective: Test Objective
2026-04-28 01:12:58,866 INFO [MainThread] LLM timeout for model=openai
2026-04-28 01:12:58,872 INFO [MainThread] Model error: 500 Server Error
2026-04-28 01:12:58,875 ERROR [MainThread] Error: test error
2026-04-28 01:12:58,982 WARNING [MainThread] timeout_call: slow exceeded 0.1s
2026-04-28 01:12:59,191 INFO [MainThread] [Session] Created: token_a…
2026-04-28 01:12:59,194 INFO [MainThread] [Session] Created: token_b…
2026-04-28 01:12:59,197 INFO [MainThread] [Session] Created: user_1…
2026-04-28 01:12:59,197 INFO [MainThread] [Session] Created: user_2…
2026-04-28 01:12:59,203 INFO [MainThread] [Session] Created: to_delete…
2026-04-28 01:12:59,203 INFO [MainThread] [Session] Destroyed: to_delete…
2026-04-28 01:12:59,207 INFO [MainThread] [Session] Created: count_test_1…
2026-04-28 01:12:59,207 INFO [MainThread] [Session] Created: count_test_2…
2026-04-28 01:12:59,209 INFO [MainThread] [Session] Created: list_test…
2026-04-28 01:12:59,216 INFO [MainThread] [Session] Created: iso_a…
2026-04-28 01:12:59,217 INFO [MainThread] [Session] Created: iso_b…
2026-04-28 01:12:59,220 INFO [MainThread] [Session] Created: pend_a…
2026-04-28 01:12:59,220 INFO [MainThread] [Session] Created: pend_b…
2026-04-28 01:13:30,803 INFO [MainThread] [ActionManager] logged: test action
2026-04-28 01:13:30,807 INFO [MainThread] [ActionManager] logged: permanent action
2026-04-28 01:13:30,809 INFO [MainThread] [ActionManager] undoing: delete C:\Users\ASUS\AppData\Local\Temp\pytest-of-ASUS\pytest-1\test_delete_file_safe_creates_0\todelete.txt
2026-04-28 01:13:30,810 INFO [MainThread] [Undo] restored deleted file: C:\Users\ASUS\AppData\Local\Temp\pytest-of-ASUS\pytest-1\test_delete_file_safe_creates_0\todelete.txt
2026-04-28 01:13:30,860 INFO [MainThread] [ActionManager] logged: write C:\Users\ASUS\AppData\Local\Temp\pytest-of-ASUS\pytest-2\test_write_file_safe_creates_f0\output.txt
2026-04-28 01:13:30,872 INFO [MainThread] [ActionManager] logged: write C:\Users\ASUS\AppData\Local\Temp\pytest-of-ASUS\pytest-2\test_write_file_safe_overwrite0\existing.txt
2026-04-28 01:13:30,927 INFO [MainThread] [ActionManager] logged: delete C:\Users\ASUS\AppData\Local\Temp\pytest-of-ASUS\pytest-2\test_delete_file_safe_creates_0\todelete.txt
2026-04-28 01:13:30,939 INFO [MainThread] [AST] Patching function body: greet
2026-04-28 01:13:30,941 INFO [MainThread] [AST] Patching function body: farewell
2026-04-28 01:13:30,946 INFO [MainThread] [AST] Patching MyClass.method_b
2026-04-28 01:13:30,950 INFO [MainThread] [AST] Injected import: import sys
2026-04-28 01:13:30,953 INFO [MainThread] [AST] Renamed 'greet' → 'welcome'
2026-04-28 01:13:30,955 INFO [MainThread] [AST] Renamed 'foo' → 'bar'
2026-04-28 01:13:30,957 INFO [MainThread] [AST] Extracted lines 2–3 into compute_xy()
2026-04-28 01:13:30,974 INFO [MainThread] [Orchestrator] Planning objective: Test Objective
2026-04-28 01:13:30,978 INFO [MainThread] LLM timeout for model=openai
2026-04-28 01:13:30,981 INFO [MainThread] Model error: 500 Server Error
2026-04-28 01:13:30,984 ERROR [MainThread] Error: test error
2026-04-28 01:13:31,094 WARNING [MainThread] timeout_call: slow exceeded 0.1s
2026-04-28 01:13:31,230 INFO [MainThread] [Session] Created: token_a…
2026-04-28 01:13:31,233 INFO [MainThread] [Session] Created: token_b…
2026-04-28 01:13:31,235 INFO [MainThread] [Session] Created: user_1…
2026-04-28 01:13:31,236 INFO [MainThread] [Session] Created: user_2…
2026-04-28 01:13:31,240 INFO [MainThread] [Session] Created: to_delete…
2026-04-28 01:13:31,240 INFO [MainThread] [Session] Destroyed: to_delete…
2026-04-28 01:13:31,242 INFO [MainThread] [Session] Created: count_test_1…
2026-04-28 01:13:31,242 INFO [MainThread] [Session] Created: count_test_2…
2026-04-28 01:13:31,244 INFO [MainThread] [Session] Created: list_test…
2026-04-28 01:13:31,251 INFO [MainThread] [Session] Created: iso_a…
2026-04-28 01:13:31,252 INFO [MainThread] [Session] Created: iso_b…
2026-04-28 01:13:31,254 INFO [MainThread] [Session] Created: pend_a…
2026-04-28 01:13:31,254 INFO [MainThread] [Session] Created: pend_b…
2026-04-28 01:18:59,979 INFO [MainThread] [ActionManager] logged: test action
2026-04-28 01:18:59,986 INFO [MainThread] [ActionManager] logged: permanent action
2026-04-28 01:18:59,988 INFO [MainThread] [ActionManager] undoing: delete C:\Users\ASUS\AppData\Local\Temp\pytest-of-ASUS\pytest-2\test_delete_file_safe_creates_0\todelete.txt
2026-04-28 01:18:59,991 INFO [MainThread] [Undo] restored deleted file: C:\Users\ASUS\AppData\Local\Temp\pytest-of-ASUS\pytest-2\test_delete_file_safe_creates_0\todelete.txt
2026-04-28 01:19:00,070 INFO [MainThread] [ActionManager] logged: write C:\Users\ASUS\AppData\Local\Temp\pytest-of-ASUS\pytest-3\test_write_file_safe_creates_f0\output.txt
2026-04-28 01:19:00,088 INFO [MainThread] [ActionManager] logged: write C:\Users\ASUS\AppData\Local\Temp\pytest-of-ASUS\pytest-3\test_write_file_safe_overwrite0\existing.txt
2026-04-28 01:19:00,164 INFO [MainThread] [ActionManager] logged: delete C:\Users\ASUS\AppData\Local\Temp\pytest-of-ASUS\pytest-3\test_delete_file_safe_creates_0\todelete.txt
2026-04-28 01:19:00,181 INFO [MainThread] [AST] Patching function body: greet
2026-04-28 01:19:00,184 INFO [MainThread] [AST] Patching function body: farewell
2026-04-28 01:19:00,191 INFO [MainThread] [AST] Patching MyClass.method_b
2026-04-28 01:19:00,199 INFO [MainThread] [AST] Injected import: import sys
2026-04-28 01:19:00,206 INFO [MainThread] [AST] Renamed 'greet' → 'welcome'
2026-04-28 01:19:00,209 INFO [MainThread] [AST] Renamed 'foo' → 'bar'
2026-04-28 01:19:00,211 INFO [MainThread] [AST] Extracted lines 2–3 into compute_xy()
2026-04-28 01:19:00,255 INFO [MainThread] [DataGen] ✅ Exported 2 training samples (2 self-heal, 0 Phase C rated)
   → C:\Users\ASUS\AppData\Local\Temp\pytest-of-ASUS\pytest-3\test_export_creates_output_fil0\train.jsonl
2026-04-28 01:19:00,267 INFO [MainThread] [DataGen] ✅ Exported 2 training samples (2 self-heal, 0 Phase C rated)
   → C:\Users\ASUS\AppData\Local\Temp\pytest-of-ASUS\pytest-3\test_export_output_is_valid_js0\train.jsonl
2026-04-28 01:19:00,275 INFO [MainThread] [DataGen] ✅ Exported 1 training samples (2 self-heal, 0 Phase C rated)
   → C:\Users\ASUS\AppData\Local\Temp\pytest-of-ASUS\pytest-3\test_export_deduplication0\dedup.jsonl
2026-04-28 01:19:00,284 WARNING [MainThread] [DataGen] No samples found.
2026-04-28 01:19:00,422 INFO [MainThread] [DBAdapter] Using SQLite backend.
2026-04-28 01:19:00,426 INFO [MainThread] [DBAdapter] Using SQLite backend.
2026-04-28 01:19:00,429 INFO [MainThread] [DBAdapter] Using SQLite backend.
2026-04-28 01:19:00,430 INFO [MainThread] [DBAdapter] Using SQLite backend.
2026-04-28 01:19:00,454 INFO [MainThread] [Federated] Generating private knowledge snippet…
2026-04-28 01:19:00,455 INFO [MainThread] [Federated] Snippet generated (privacy_score=0.6879, type=ImportError)
2026-04-28 01:19:00,457 INFO [MainThread] [Federated] Generating private knowledge snippet…
2026-04-28 01:19:00,457 INFO [MainThread] [Federated] Snippet generated (privacy_score=0.0, type=UnknownError)
2026-04-28 01:19:00,461 INFO [MainThread] [Federated] Generating private knowledge snippet…
2026-04-28 01:19:00,461 INFO [MainThread] [Federated] Snippet generated (privacy_score=0.0, type=ImportError)
2026-04-28 01:19:00,463 INFO [MainThread] [Federated] Generating private knowledge snippet…
2026-04-28 01:19:00,463 INFO [MainThread] [Federated] Snippet generated (privacy_score=0.9502, type=TypeError)
2026-04-28 01:19:00,466 INFO [MainThread] [Federated] Generating private knowledge snippet…
2026-04-28 01:19:00,467 INFO [MainThread] [Federated] Snippet generated (privacy_score=1.0, type=ValueError)
2026-04-28 01:19:00,467 INFO [MainThread] [Federated] Snippet verified ✓
2026-04-28 01:19:00,470 INFO [MainThread] [Federated] Generating private knowledge snippet…
2026-04-28 01:19:00,470 INFO [MainThread] [Federated] Snippet generated (privacy_score=0.7079, type=KeyError)
2026-04-28 01:19:00,471 WARNING [MainThread] [Federated] Snippet signature INVALID — discarding.
2026-04-28 01:19:00,474 ERROR [MainThread] [Federated] Snippet verification failed: Expecting value: line 1 column 1 (char 0)
2026-04-28 01:19:00,494 INFO [MainThread] [Orchestrator] Planning objective: Test Objective
2026-04-28 01:19:00,499 INFO [MainThread] LLM timeout for model=openai
2026-04-28 01:19:00,520 INFO [MainThread] Model error: 500 Server Error
2026-04-28 01:19:00,524 ERROR [MainThread] Error: test error
2026-04-28 01:19:00,629 WARNING [MainThread] timeout_call: slow exceeded 0.1s
2026-04-28 01:19:00,780 INFO [MainThread] [Session] Created: token_a…
2026-04-28 01:19:00,782 INFO [MainThread] [Session] Created: token_b…
2026-04-28 01:19:00,784 INFO [MainThread] [Session] Created: user_1…
2026-04-28 01:19:00,784 INFO [MainThread] [Session] Created: user_2…
2026-04-28 01:19:00,788 INFO [MainThread] [Session] Created: to_delete…
2026-04-28 01:19:00,788 INFO [MainThread] [Session] Destroyed: to_delete…
2026-04-28 01:19:00,791 INFO [MainThread] [Session] Created: count_test_1…
2026-04-28 01:19:00,792 INFO [MainThread] [Session] Created: count_test_2…
2026-04-28 01:19:00,795 INFO [MainThread] [Session] Created: list_test…
2026-04-28 01:19:00,803 INFO [MainThread] [Session] Created: iso_a…
2026-04-28 01:19:00,803 INFO [MainThread] [Session] Created: iso_b…
2026-04-28 01:19:00,806 INFO [MainThread] [Session] Created: pend_a…
2026-04-28 01:19:00,806 INFO [MainThread] [Session] Created: pend_b…
2026-04-28 01:23:28,151 INFO [MainThread] [ActionManager] logged: test action
2026-04-28 01:23:28,156 INFO [MainThread] [ActionManager] logged: permanent action
2026-04-28 01:23:28,157 INFO [MainThread] [ActionManager] undoing: delete C:\Users\ASUS\AppData\Local\Temp\pytest-of-ASUS\pytest-3\test_delete_file_safe_creates_0\todelete.txt
2026-04-28 01:23:28,160 INFO [MainThread] [Undo] restored deleted file: C:\Users\ASUS\AppData\Local\Temp\pytest-of-ASUS\pytest-3\test_delete_file_safe_creates_0\todelete.txt
2026-04-28 01:23:28,240 INFO [MainThread] [ActionManager] logged: write C:\Users\ASUS\AppData\Local\Temp\pytest-of-ASUS\pytest-4\test_write_file_safe_creates_f0\output.txt
2026-04-28 01:23:28,256 INFO [MainThread] [ActionManager] logged: write C:\Users\ASUS\AppData\Local\Temp\pytest-of-ASUS\pytest-4\test_write_file_safe_overwrite0\existing.txt
2026-04-28 01:23:28,341 INFO [MainThread] [ActionManager] logged: delete C:\Users\ASUS\AppData\Local\Temp\pytest-of-ASUS\pytest-4\test_delete_file_safe_creates_0\todelete.txt
2026-04-28 01:23:28,360 INFO [MainThread] [AST] Patching function body: greet
2026-04-28 01:23:28,363 INFO [MainThread] [AST] Patching function body: farewell
2026-04-28 01:23:28,372 INFO [MainThread] [AST] Patching MyClass.method_b
2026-04-28 01:23:28,381 INFO [MainThread] [AST] Injected import: import sys
2026-04-28 01:23:28,387 INFO [MainThread] [AST] Renamed 'greet' → 'welcome'
2026-04-28 01:23:28,391 INFO [MainThread] [AST] Renamed 'foo' → 'bar'
2026-04-28 01:23:28,393 INFO [MainThread] [AST] Extracted lines 2–3 into compute_xy()
2026-04-28 01:23:28,449 INFO [MainThread] [DataGen] ✅ Exported 2 training samples (2 self-heal, 0 Phase C rated)
   → C:\Users\ASUS\AppData\Local\Temp\pytest-of-ASUS\pytest-4\test_export_creates_output_fil0\train.jsonl
2026-04-28 01:23:28,460 INFO [MainThread] [DataGen] ✅ Exported 2 training samples (2 self-heal, 0 Phase C rated)
   → C:\Users\ASUS\AppData\Local\Temp\pytest-of-ASUS\pytest-4\test_export_output_is_valid_js0\train.jsonl
2026-04-28 01:23:28,472 INFO [MainThread] [DataGen] ✅ Exported 1 training samples (2 self-heal, 0 Phase C rated)
   → C:\Users\ASUS\AppData\Local\Temp\pytest-of-ASUS\pytest-4\test_export_deduplication0\dedup.jsonl
2026-04-28 01:23:28,479 WARNING [MainThread] [DataGen] No samples found.
2026-04-28 01:23:28,609 INFO [MainThread] [DBAdapter] Using SQLite backend.
2026-04-28 01:23:28,612 INFO [MainThread] [DBAdapter] Using SQLite backend.
2026-04-28 01:23:28,616 INFO [MainThread] [DBAdapter] Using SQLite backend.
2026-04-28 01:23:28,617 INFO [MainThread] [DBAdapter] Using SQLite backend.
2026-04-28 01:23:28,739 INFO [MainThread] [TaskQueue] In-memory queue initialized (4 workers).
2026-04-28 01:23:28,741 INFO [MainThread] [TaskQueue] In-memory queue initialized (4 workers).
2026-04-28 01:23:28,744 INFO [MainThread] [TaskQueue] In-memory queue initialized (4 workers).
2026-04-28 01:23:28,746 INFO [MainThread] [TaskQueue] In-memory queue initialized (4 workers).
2026-04-28 01:23:28,748 INFO [MainThread] [TaskQueue] In-memory queue initialized (4 workers).
2026-04-28 01:23:28,749 ERROR [SherlyWorker_0] [TaskQueue] Task 88cda4ec failed: intentional failure
2026-04-28 01:23:28,751 INFO [MainThread] [TaskQueue] In-memory queue initialized (4 workers).
2026-04-28 01:23:28,753 INFO [MainThread] [TaskQueue] In-memory queue initialized (4 workers).
2026-04-28 01:23:28,754 INFO [MainThread] [TaskQueue] In-memory queue initialized (4 workers).
2026-04-28 01:23:28,755 ERROR [SherlyWorker_0] [TaskQueue] Task 8430fa9e failed: test_memory_queue_concurrent_tasks.<locals>.<lambda>() takes 0 positional arguments but 1 was given
2026-04-28 01:23:28,756 ERROR [SherlyWorker_0] [TaskQueue] Task ce9bb571 failed: test_memory_queue_concurrent_tasks.<locals>.<lambda>() takes 0 positional arguments but 1 was given
2026-04-28 01:23:28,772 ERROR [SherlyWorker_0] [TaskQueue] Task aaf02bd1 failed: test_memory_queue_concurrent_tasks.<locals>.<lambda>() takes 0 positional arguments but 1 was given
2026-04-28 01:23:28,773 ERROR [SherlyWorker_2] [TaskQueue] Task e5cb7d57 failed: test_memory_queue_concurrent_tasks.<locals>.<lambda>() takes 0 positional arguments but 1 was given
2026-04-28 01:23:28,773 ERROR [SherlyWorker_1] [TaskQueue] Task 32dc4466 failed: test_memory_queue_concurrent_tasks.<locals>.<lambda>() takes 0 positional arguments but 1 was given
2026-04-28 01:23:29,613 INFO [MainThread] [TaskQueue] In-memory queue initialized (4 workers).
2026-04-28 01:23:29,616 INFO [MainThread] [TaskQueue] In-memory queue initialized (4 workers).
2026-04-28 01:23:29,618 INFO [MainThread] [TaskQueue] In-memory queue initialized (4 workers).
2026-04-28 01:23:29,618 INFO [MainThread] [TaskQueue] In-memory queue initialized (4 workers).
2026-04-28 01:23:29,642 INFO [MainThread] [Federated] Generating private knowledge snippet…
2026-04-28 01:23:29,642 INFO [MainThread] [Federated] Snippet generated (privacy_score=1.0, type=ImportError)
2026-04-28 01:23:29,645 INFO [MainThread] [Federated] Generating private knowledge snippet…
2026-04-28 01:23:29,645 INFO [MainThread] [Federated] Snippet generated (privacy_score=0.0, type=UnknownError)
2026-04-28 01:23:29,648 INFO [MainThread] [Federated] Generating private knowledge snippet…
2026-04-28 01:23:29,648 INFO [MainThread] [Federated] Snippet generated (privacy_score=0.8726, type=ImportError)
2026-04-28 01:23:29,650 INFO [MainThread] [Federated] Generating private knowledge snippet…
2026-04-28 01:23:29,650 INFO [MainThread] [Federated] Snippet generated (privacy_score=0.0, type=TypeError)
2026-04-28 01:23:29,652 INFO [MainThread] [Federated] Generating private knowledge snippet…
2026-04-28 01:23:29,652 INFO [MainThread] [Federated] Snippet generated (privacy_score=0.0, type=ValueError)
2026-04-28 01:23:29,653 INFO [MainThread] [Federated] Snippet verified ✓
2026-04-28 01:23:29,655 INFO [MainThread] [Federated] Generating private knowledge snippet…
2026-04-28 01:23:29,655 INFO [MainThread] [Federated] Snippet generated (privacy_score=1.0, type=KeyError)
2026-04-28 01:23:29,656 WARNING [MainThread] [Federated] Snippet signature INVALID — discarding.
2026-04-28 01:23:29,658 ERROR [MainThread] [Federated] Snippet verification failed: Expecting value: line 1 column 1 (char 0)
2026-04-28 01:23:29,678 INFO [MainThread] [Orchestrator] Planning objective: Test Objective
2026-04-28 01:23:29,683 INFO [MainThread] LLM timeout for model=openai
2026-04-28 01:23:29,687 INFO [MainThread] Model error: 500 Server Error
2026-04-28 01:23:29,690 ERROR [MainThread] Error: test error
2026-04-28 01:23:29,799 WARNING [MainThread] timeout_call: slow exceeded 0.1s
2026-04-28 01:23:29,924 INFO [MainThread] [Session] Created: token_a…
2026-04-28 01:23:29,926 INFO [MainThread] [Session] Created: token_b…
2026-04-28 01:23:29,928 INFO [MainThread] [Session] Created: user_1…
2026-04-28 01:23:29,928 INFO [MainThread] [Session] Created: user_2…
2026-04-28 01:23:29,932 INFO [MainThread] [Session] Created: to_delete…
2026-04-28 01:23:29,933 INFO [MainThread] [Session] Destroyed: to_delete…
2026-04-28 01:23:29,934 INFO [MainThread] [Session] Created: count_test_1…
2026-04-28 01:23:29,935 INFO [MainThread] [Session] Created: count_test_2…
2026-04-28 01:23:29,936 INFO [MainThread] [Session] Created: list_test…
2026-04-28 01:23:29,941 INFO [MainThread] [Session] Created: iso_a…
2026-04-28 01:23:29,941 INFO [MainThread] [Session] Created: iso_b…
2026-04-28 01:23:29,943 INFO [MainThread] [Session] Created: pend_a…
2026-04-28 01:23:29,943 INFO [MainThread] [Session] Created: pend_b…
2026-04-28 01:23:55,795 INFO [MainThread] [ActionManager] logged: test action
2026-04-28 01:23:55,799 INFO [MainThread] [ActionManager] logged: permanent action
2026-04-28 01:23:55,801 INFO [MainThread] [ActionManager] undoing: delete C:\Users\ASUS\AppData\Local\Temp\pytest-of-ASUS\pytest-4\test_delete_file_safe_creates_0\todelete.txt
2026-04-28 01:23:55,802 INFO [MainThread] [Undo] restored deleted file: C:\Users\ASUS\AppData\Local\Temp\pytest-of-ASUS\pytest-4\test_delete_file_safe_creates_0\todelete.txt
2026-04-28 01:23:55,844 INFO [MainThread] [ActionManager] logged: write C:\Users\ASUS\AppData\Local\Temp\pytest-of-ASUS\pytest-5\test_write_file_safe_creates_f0\output.txt
2026-04-28 01:23:55,855 INFO [MainThread] [ActionManager] logged: write C:\Users\ASUS\AppData\Local\Temp\pytest-of-ASUS\pytest-5\test_write_file_safe_overwrite0\existing.txt
2026-04-28 01:23:55,910 INFO [MainThread] [ActionManager] logged: delete C:\Users\ASUS\AppData\Local\Temp\pytest-of-ASUS\pytest-5\test_delete_file_safe_creates_0\todelete.txt
2026-04-28 01:23:55,927 INFO [MainThread] [AST] Patching function body: greet
2026-04-28 01:23:55,929 INFO [MainThread] [AST] Patching function body: farewell
2026-04-28 01:23:55,934 INFO [MainThread] [AST] Patching MyClass.method_b
2026-04-28 01:23:55,939 INFO [MainThread] [AST] Injected import: import sys
2026-04-28 01:23:55,943 INFO [MainThread] [AST] Renamed 'greet' → 'welcome'
2026-04-28 01:23:55,945 INFO [MainThread] [AST] Renamed 'foo' → 'bar'
2026-04-28 01:23:55,948 INFO [MainThread] [AST] Extracted lines 2–3 into compute_xy()
2026-04-28 01:23:55,980 INFO [MainThread] [DataGen] ✅ Exported 2 training samples (2 self-heal, 0 Phase C rated)
   → C:\Users\ASUS\AppData\Local\Temp\pytest-of-ASUS\pytest-5\test_export_creates_output_fil0\train.jsonl
2026-04-28 01:23:55,986 INFO [MainThread] [DataGen] ✅ Exported 2 training samples (2 self-heal, 0 Phase C rated)
   → C:\Users\ASUS\AppData\Local\Temp\pytest-of-ASUS\pytest-5\test_export_output_is_valid_js0\train.jsonl
2026-04-28 01:23:55,995 INFO [MainThread] [DataGen] ✅ Exported 1 training samples (2 self-heal, 0 Phase C rated)
   → C:\Users\ASUS\AppData\Local\Temp\pytest-of-ASUS\pytest-5\test_export_deduplication0\dedup.jsonl
2026-04-28 01:23:55,999 WARNING [MainThread] [DataGen] No samples found.
2026-04-28 01:23:56,103 INFO [MainThread] [DBAdapter] Using SQLite backend.
2026-04-28 01:23:56,106 INFO [MainThread] [DBAdapter] Using SQLite backend.
2026-04-28 01:23:56,108 INFO [MainThread] [DBAdapter] Using SQLite backend.
2026-04-28 01:23:56,109 INFO [MainThread] [DBAdapter] Using SQLite backend.
2026-04-28 01:23:56,224 INFO [MainThread] [TaskQueue] In-memory queue initialized (4 workers).
2026-04-28 01:23:56,226 INFO [MainThread] [TaskQueue] In-memory queue initialized (4 workers).
2026-04-28 01:23:56,228 INFO [MainThread] [TaskQueue] In-memory queue initialized (4 workers).
2026-04-28 01:23:56,232 INFO [MainThread] [TaskQueue] In-memory queue initialized (4 workers).
2026-04-28 01:23:56,234 INFO [MainThread] [TaskQueue] In-memory queue initialized (4 workers).
2026-04-28 01:23:56,234 ERROR [SherlyWorker_0] [TaskQueue] Task bd908049 failed: intentional failure
2026-04-28 01:23:56,236 INFO [MainThread] [TaskQueue] In-memory queue initialized (4 workers).
2026-04-28 01:23:56,239 INFO [MainThread] [TaskQueue] In-memory queue initialized (4 workers).
2026-04-28 01:23:56,242 INFO [MainThread] [TaskQueue] In-memory queue initialized (4 workers).
2026-04-28 01:23:56,273 INFO [MainThread] [TaskQueue] In-memory queue initialized (4 workers).
2026-04-28 01:23:56,275 INFO [MainThread] [TaskQueue] In-memory queue initialized (4 workers).
2026-04-28 01:23:56,276 INFO [MainThread] [TaskQueue] In-memory queue initialized (4 workers).
2026-04-28 01:23:56,276 INFO [MainThread] [TaskQueue] In-memory queue initialized (4 workers).
2026-04-28 01:23:56,289 INFO [MainThread] [Federated] Generating private knowledge snippet…
2026-04-28 01:23:56,290 INFO [MainThread] [Federated] Snippet generated (privacy_score=0.5667, type=ImportError)
2026-04-28 01:23:56,291 INFO [MainThread] [Federated] Generating private knowledge snippet…
2026-04-28 01:23:56,291 INFO [MainThread] [Federated] Snippet generated (privacy_score=1.0, type=UnknownError)
2026-04-28 01:23:56,293 INFO [MainThread] [Federated] Generating private knowledge snippet…
2026-04-28 01:23:56,293 INFO [MainThread] [Federated] Snippet generated (privacy_score=0.0, type=ImportError)
2026-04-28 01:23:56,294 INFO [MainThread] [Federated] Generating private knowledge snippet…
2026-04-28 01:23:56,295 INFO [MainThread] [Federated] Snippet generated (privacy_score=1.0, type=TypeError)
2026-04-28 01:23:56,296 INFO [MainThread] [Federated] Generating private knowledge snippet…
2026-04-28 01:23:56,296 INFO [MainThread] [Federated] Snippet generated (privacy_score=0.7467, type=ValueError)
2026-04-28 01:23:56,296 INFO [MainThread] [Federated] Snippet verified ✓
2026-04-28 01:23:56,298 INFO [MainThread] [Federated] Generating private knowledge snippet…
2026-04-28 01:23:56,298 INFO [MainThread] [Federated] Snippet generated (privacy_score=1.0, type=KeyError)
2026-04-28 01:23:56,298 WARNING [MainThread] [Federated] Snippet signature INVALID — discarding.
2026-04-28 01:23:56,300 ERROR [MainThread] [Federated] Snippet verification failed: Expecting value: line 1 column 1 (char 0)
2026-04-28 01:23:56,312 INFO [MainThread] [Orchestrator] Planning objective: Test Objective
2026-04-28 01:23:56,316 INFO [MainThread] LLM timeout for model=openai
2026-04-28 01:23:56,320 INFO [MainThread] Model error: 500 Server Error
2026-04-28 01:23:56,322 ERROR [MainThread] Error: test error
2026-04-28 01:23:56,425 WARNING [MainThread] timeout_call: slow exceeded 0.1s
2026-04-28 01:23:56,550 INFO [MainThread] [Session] Created: token_a…
2026-04-28 01:23:56,552 INFO [MainThread] [Session] Created: token_b…
2026-04-28 01:23:56,554 INFO [MainThread] [Session] Created: user_1…
2026-04-28 01:23:56,554 INFO [MainThread] [Session] Created: user_2…
2026-04-28 01:23:56,558 INFO [MainThread] [Session] Created: to_delete…
2026-04-28 01:23:56,558 INFO [MainThread] [Session] Destroyed: to_delete…
2026-04-28 01:23:56,560 INFO [MainThread] [Session] Created: count_test_1…
2026-04-28 01:23:56,560 INFO [MainThread] [Session] Created: count_test_2…
2026-04-28 01:23:56,562 INFO [MainThread] [Session] Created: list_test…
2026-04-28 01:23:56,567 INFO [MainThread] [Session] Created: iso_a…
2026-04-28 01:23:56,567 INFO [MainThread] [Session] Created: iso_b…
2026-04-28 01:23:56,570 INFO [MainThread] [Session] Created: pend_a…
2026-04-28 01:23:56,570 INFO [MainThread] [Session] Created: pend_b…
2026-04-28 01:26:55,738 INFO [MainThread] [ActionManager] logged: test action
2026-04-28 01:26:55,744 INFO [MainThread] [ActionManager] logged: permanent action
2026-04-28 01:26:55,746 INFO [MainThread] [ActionManager] undoing: delete C:\Users\ASUS\AppData\Local\Temp\pytest-of-ASUS\pytest-5\test_delete_file_safe_creates_0\todelete.txt
2026-04-28 01:26:55,749 INFO [MainThread] [Undo] restored deleted file: C:\Users\ASUS\AppData\Local\Temp\pytest-of-ASUS\pytest-5\test_delete_file_safe_creates_0\todelete.txt
2026-04-28 01:26:55,820 INFO [MainThread] [ActionManager] logged: write C:\Users\ASUS\AppData\Local\Temp\pytest-of-ASUS\pytest-6\test_write_file_safe_creates_f0\output.txt
2026-04-28 01:26:55,838 INFO [MainThread] [ActionManager] logged: write C:\Users\ASUS\AppData\Local\Temp\pytest-of-ASUS\pytest-6\test_write_file_safe_overwrite0\existing.txt
2026-04-28 01:26:55,923 INFO [MainThread] [ActionManager] logged: delete C:\Users\ASUS\AppData\Local\Temp\pytest-of-ASUS\pytest-6\test_delete_file_safe_creates_0\todelete.txt
2026-04-28 01:26:55,941 INFO [MainThread] [AST] Patching function body: greet
2026-04-28 01:26:55,946 INFO [MainThread] [AST] Patching function body: farewell
2026-04-28 01:26:55,955 INFO [MainThread] [AST] Patching MyClass.method_b
2026-04-28 01:26:55,963 INFO [MainThread] [AST] Injected import: import sys
2026-04-28 01:26:55,969 INFO [MainThread] [AST] Renamed 'greet' → 'welcome'
2026-04-28 01:26:55,973 INFO [MainThread] [AST] Renamed 'foo' → 'bar'
2026-04-28 01:26:55,975 INFO [MainThread] [AST] Extracted lines 2–3 into compute_xy()
2026-04-28 01:26:56,032 INFO [MainThread] [DataGen] ✅ Exported 2 training samples (2 self-heal, 0 Phase C rated)
   → C:\Users\ASUS\AppData\Local\Temp\pytest-of-ASUS\pytest-6\test_export_creates_output_fil0\train.jsonl
2026-04-28 01:26:56,042 INFO [MainThread] [DataGen] ✅ Exported 2 training samples (2 self-heal, 0 Phase C rated)
   → C:\Users\ASUS\AppData\Local\Temp\pytest-of-ASUS\pytest-6\test_export_output_is_valid_js0\train.jsonl
2026-04-28 01:26:56,052 INFO [MainThread] [DataGen] ✅ Exported 1 training samples (2 self-heal, 0 Phase C rated)
   → C:\Users\ASUS\AppData\Local\Temp\pytest-of-ASUS\pytest-6\test_export_deduplication0\dedup.jsonl
2026-04-28 01:26:56,061 WARNING [MainThread] [DataGen] No samples found.
2026-04-28 01:26:56,193 INFO [MainThread] [DBAdapter] Using SQLite backend.
2026-04-28 01:26:56,197 INFO [MainThread] [DBAdapter] Using SQLite backend.
2026-04-28 01:26:56,199 INFO [MainThread] [DBAdapter] Using SQLite backend.
2026-04-28 01:26:56,200 INFO [MainThread] [DBAdapter] Using SQLite backend.
2026-04-28 01:26:56,322 INFO [MainThread] [TaskQueue] In-memory queue initialized (4 workers).
2026-04-28 01:26:56,325 INFO [MainThread] [TaskQueue] In-memory queue initialized (4 workers).
2026-04-28 01:26:56,329 INFO [MainThread] [TaskQueue] In-memory queue initialized (4 workers).
2026-04-28 01:26:56,332 INFO [MainThread] [TaskQueue] In-memory queue initialized (4 workers).
2026-04-28 01:26:56,336 INFO [MainThread] [TaskQueue] In-memory queue initialized (4 workers).
2026-04-28 01:26:56,337 ERROR [SherlyWorker_0] [TaskQueue] Task aa97e295 failed: intentional failure
2026-04-28 01:26:56,339 INFO [MainThread] [TaskQueue] In-memory queue initialized (4 workers).
2026-04-28 01:26:56,343 INFO [MainThread] [TaskQueue] In-memory queue initialized (4 workers).
2026-04-28 01:26:56,346 INFO [MainThread] [TaskQueue] In-memory queue initialized (4 workers).
2026-04-28 01:26:56,373 INFO [MainThread] [TaskQueue] In-memory queue initialized (4 workers).
2026-04-28 01:26:56,376 INFO [MainThread] [TaskQueue] In-memory queue initialized (4 workers).
2026-04-28 01:26:56,379 INFO [MainThread] [TaskQueue] In-memory queue initialized (4 workers).
2026-04-28 01:26:56,379 INFO [MainThread] [TaskQueue] In-memory queue initialized (4 workers).
2026-04-28 01:26:56,404 INFO [MainThread] [Federated] Generating private knowledge snippet…
2026-04-28 01:26:56,405 INFO [MainThread] [Federated] Snippet generated (privacy_score=1.0, type=ImportError)
2026-04-28 01:26:56,408 INFO [MainThread] [Federated] Generating private knowledge snippet…
2026-04-28 01:26:56,408 INFO [MainThread] [Federated] Snippet generated (privacy_score=1.0, type=UnknownError)
2026-04-28 01:26:56,411 INFO [MainThread] [Federated] Generating private knowledge snippet…
2026-04-28 01:26:56,411 INFO [MainThread] [Federated] Snippet generated (privacy_score=0.6644, type=ImportError)
2026-04-28 01:26:56,414 INFO [MainThread] [Federated] Generating private knowledge snippet…
2026-04-28 01:26:56,415 INFO [MainThread] [Federated] Snippet generated (privacy_score=1.0, type=TypeError)
2026-04-28 01:26:56,417 INFO [MainThread] [Federated] Generating private knowledge snippet…
2026-04-28 01:26:56,418 INFO [MainThread] [Federated] Snippet generated (privacy_score=1.0, type=ValueError)
2026-04-28 01:26:56,418 INFO [MainThread] [Federated] Snippet verified ✓
2026-04-28 01:26:56,420 INFO [MainThread] [Federated] Generating private knowledge snippet…
2026-04-28 01:26:56,420 INFO [MainThread] [Federated] Snippet generated (privacy_score=0.2488, type=KeyError)
2026-04-28 01:26:56,421 WARNING [MainThread] [Federated] Snippet signature INVALID — discarding.
2026-04-28 01:26:56,423 ERROR [MainThread] [Federated] Snippet verification failed: Expecting value: line 1 column 1 (char 0)
2026-04-28 01:26:56,442 INFO [MainThread] [Orchestrator] Planning objective: Test Objective
2026-04-28 01:26:56,447 INFO [MainThread] LLM timeout for model=openai
2026-04-28 01:26:56,474 INFO [MainThread] Model error: 500 Server Error
2026-04-28 01:26:56,478 ERROR [MainThread] Error: test error
2026-04-28 01:26:56,590 WARNING [MainThread] timeout_call: slow exceeded 0.1s
2026-04-28 01:26:56,782 INFO [MainThread] [Session] Created: token_a…
2026-04-28 01:26:56,785 INFO [MainThread] [Session] Created: token_b…
2026-04-28 01:26:56,789 INFO [MainThread] [Session] Created: user_1…
2026-04-28 01:26:56,789 INFO [MainThread] [Session] Created: user_2…
2026-04-28 01:26:56,797 INFO [MainThread] [Session] Created: to_delete…
2026-04-28 01:26:56,797 INFO [MainThread] [Session] Destroyed: to_delete…
2026-04-28 01:26:56,800 INFO [MainThread] [Session] Created: count_test_1…
2026-04-28 01:26:56,801 INFO [MainThread] [Session] Created: count_test_2…
2026-04-28 01:26:56,803 INFO [MainThread] [Session] Created: list_test…
2026-04-28 01:26:56,812 INFO [MainThread] [Session] Created: iso_a…
2026-04-28 01:26:56,812 INFO [MainThread] [Session] Created: iso_b…
2026-04-28 01:26:56,814 INFO [MainThread] [Session] Created: pend_a…
2026-04-28 01:26:56,815 INFO [MainThread] [Session] Created: pend_b…
2026-04-28 01:27:18,340 INFO [MainThread] [Router] routing: 'help' (low: 'help')
2026-04-28 01:27:38,118 INFO [MainThread] [ActionManager] logged: write C:\Users\ASUS\AppData\Local\Temp\tmp3og58dc_.txt
2026-04-28 01:27:38,124 INFO [MainThread] [ActionManager] logged: delete C:\Users\ASUS\AppData\Local\Temp\tmp3og58dc_.txt
2026-04-28 01:27:38,127 INFO [MainThread] [ActionManager] undoing: delete C:\Users\ASUS\AppData\Local\Temp\tmp3og58dc_.txt
2026-04-28 01:27:38,129 INFO [MainThread] [Undo] restored deleted file: C:\Users\ASUS\AppData\Local\Temp\tmp3og58dc_.txt
2026-04-28 01:31:56,194 INFO [MainThread] [ActionManager] logged: test action
2026-04-28 01:31:56,197 INFO [MainThread] [ActionManager] logged: permanent action
2026-04-28 01:31:56,199 INFO [MainThread] [ActionManager] undoing: write C:\Users\ASUS\AppData\Local\Temp\tmp3og58dc_.txt
2026-04-28 01:31:56,199 INFO [MainThread] [Undo] restored file: C:\Users\ASUS\AppData\Local\Temp\tmp3og58dc_.txt
2026-04-28 01:31:56,244 INFO [MainThread] [ActionManager] logged: write C:\Users\ASUS\AppData\Local\Temp\pytest-of-ASUS\pytest-7\test_write_file_safe_creates_f0\output.txt
2026-04-28 01:31:56,255 INFO [MainThread] [ActionManager] logged: write C:\Users\ASUS\AppData\Local\Temp\pytest-of-ASUS\pytest-7\test_write_file_safe_overwrite0\existing.txt
2026-04-28 01:31:56,308 INFO [MainThread] [ActionManager] logged: delete C:\Users\ASUS\AppData\Local\Temp\pytest-of-ASUS\pytest-7\test_delete_file_safe_creates_0\todelete.txt
2026-04-28 01:31:56,320 INFO [MainThread] [AST] Patching function body: greet
2026-04-28 01:31:56,323 INFO [MainThread] [AST] Patching function body: farewell
2026-04-28 01:31:56,327 INFO [MainThread] [AST] Patching MyClass.method_b
2026-04-28 01:31:56,331 INFO [MainThread] [AST] Injected import: import sys
2026-04-28 01:31:56,334 INFO [MainThread] [AST] Renamed 'greet' → 'welcome'
2026-04-28 01:31:56,336 INFO [MainThread] [AST] Renamed 'foo' → 'bar'
2026-04-28 01:31:56,338 INFO [MainThread] [AST] Extracted lines 2–3 into compute_xy()
2026-04-28 01:31:56,368 INFO [MainThread] [DataGen] ✅ Exported 2 training samples (2 self-heal, 0 Phase C rated)
   → C:\Users\ASUS\AppData\Local\Temp\pytest-of-ASUS\pytest-7\test_export_creates_output_fil0\train.jsonl
2026-04-28 01:31:56,373 INFO [MainThread] [DataGen] ✅ Exported 2 training samples (2 self-heal, 0 Phase C rated)
   → C:\Users\ASUS\AppData\Local\Temp\pytest-of-ASUS\pytest-7\test_export_output_is_valid_js0\train.jsonl
2026-04-28 01:31:56,381 INFO [MainThread] [DataGen] ✅ Exported 1 training samples (2 self-heal, 0 Phase C rated)
   → C:\Users\ASUS\AppData\Local\Temp\pytest-of-ASUS\pytest-7\test_export_deduplication0\dedup.jsonl
2026-04-28 01:31:56,386 WARNING [MainThread] [DataGen] No samples found.
2026-04-28 01:31:56,484 INFO [MainThread] [DBAdapter] Using SQLite backend.
2026-04-28 01:31:56,487 INFO [MainThread] [DBAdapter] Using SQLite backend.
2026-04-28 01:31:56,488 INFO [MainThread] [DBAdapter] Using SQLite backend.
2026-04-28 01:31:56,489 INFO [MainThread] [DBAdapter] Using SQLite backend.
2026-04-28 01:31:56,608 INFO [MainThread] [TaskQueue] In-memory queue initialized (4 workers).
2026-04-28 01:31:56,610 INFO [MainThread] [TaskQueue] In-memory queue initialized (4 workers).
2026-04-28 01:31:56,612 INFO [MainThread] [TaskQueue] In-memory queue initialized (4 workers).
2026-04-28 01:31:56,614 INFO [MainThread] [TaskQueue] In-memory queue initialized (4 workers).
2026-04-28 01:31:56,616 INFO [MainThread] [TaskQueue] In-memory queue initialized (4 workers).
2026-04-28 01:31:56,617 ERROR [SherlyWorker_0] [TaskQueue] Task 52beb599 failed: intentional failure
2026-04-28 01:31:56,619 INFO [MainThread] [TaskQueue] In-memory queue initialized (4 workers).
2026-04-28 01:31:56,621 INFO [MainThread] [TaskQueue] In-memory queue initialized (4 workers).
2026-04-28 01:31:56,623 INFO [MainThread] [TaskQueue] In-memory queue initialized (4 workers).
2026-04-28 01:31:56,646 INFO [MainThread] [TaskQueue] In-memory queue initialized (4 workers).
2026-04-28 01:31:56,648 INFO [MainThread] [TaskQueue] In-memory queue initialized (4 workers).
2026-04-28 01:31:56,649 INFO [MainThread] [TaskQueue] In-memory queue initialized (4 workers).
2026-04-28 01:31:56,649 INFO [MainThread] [TaskQueue] In-memory queue initialized (4 workers).
2026-04-28 01:31:56,662 INFO [MainThread] [Federated] Generating private knowledge snippet…
2026-04-28 01:31:56,662 INFO [MainThread] [Federated] Snippet generated (privacy_score=1.0, type=ImportError)
2026-04-28 01:31:56,663 INFO [MainThread] [Federated] Generating private knowledge snippet…
2026-04-28 01:31:56,664 INFO [MainThread] [Federated] Snippet generated (privacy_score=0.6267, type=UnknownError)
2026-04-28 01:31:56,665 INFO [MainThread] [Federated] Generating private knowledge snippet…
2026-04-28 01:31:56,665 INFO [MainThread] [Federated] Snippet generated (privacy_score=1.0, type=ImportError)
2026-04-28 01:31:56,667 INFO [MainThread] [Federated] Generating private knowledge snippet…
2026-04-28 01:31:56,667 INFO [MainThread] [Federated] Snippet generated (privacy_score=0.984, type=TypeError)
2026-04-28 01:31:56,668 INFO [MainThread] [Federated] Generating private knowledge snippet…
2026-04-28 01:31:56,668 INFO [MainThread] [Federated] Snippet generated (privacy_score=1.0, type=ValueError)
2026-04-28 01:31:56,669 INFO [MainThread] [Federated] Snippet verified ✓
2026-04-28 01:31:56,670 INFO [MainThread] [Federated] Generating private knowledge snippet…
2026-04-28 01:31:56,670 INFO [MainThread] [Federated] Snippet generated (privacy_score=0.4179, type=KeyError)
2026-04-28 01:31:56,670 WARNING [MainThread] [Federated] Snippet signature INVALID — discarding.
2026-04-28 01:31:56,672 ERROR [MainThread] [Federated] Snippet verification failed: Expecting value: line 1 column 1 (char 0)
2026-04-28 01:31:56,683 INFO [MainThread] [Orchestrator] Planning objective: Test Objective
2026-04-28 01:31:56,686 INFO [MainThread] LLM timeout for model=openai
2026-04-28 01:31:56,704 INFO [MainThread] Model error: 500 Server Error
2026-04-28 01:31:56,707 ERROR [MainThread] Error: test error
2026-04-28 01:31:56,812 WARNING [MainThread] timeout_call: slow exceeded 0.1s
2026-04-28 01:31:56,936 INFO [MainThread] [Session] Created: token_a…
2026-04-28 01:31:56,939 INFO [MainThread] [Session] Created: token_b…
2026-04-28 01:31:56,941 INFO [MainThread] [Session] Created: user_1…
2026-04-28 01:31:56,941 INFO [MainThread] [Session] Created: user_2…
2026-04-28 01:31:56,945 INFO [MainThread] [Session] Created: to_delete…
2026-04-28 01:31:56,945 INFO [MainThread] [Session] Destroyed: to_delete…
2026-04-28 01:31:56,948 INFO [MainThread] [Session] Created: count_test_1…
2026-04-28 01:31:56,948 INFO [MainThread] [Session] Created: count_test_2…
2026-04-28 01:31:56,950 INFO [MainThread] [Session] Created: list_test…
2026-04-28 01:31:56,956 INFO [MainThread] [Session] Created: iso_a…
2026-04-28 01:31:56,956 INFO [MainThread] [Session] Created: iso_b…
2026-04-28 01:31:56,958 INFO [MainThread] [Session] Created: pend_a…
2026-04-28 01:31:56,958 INFO [MainThread] [Session] Created: pend_b…
2026-04-28 01:32:20,082 INFO [MainThread] [ActionManager] logged: test action
2026-04-28 01:32:20,088 INFO [MainThread] [ActionManager] logged: permanent action
2026-04-28 01:32:20,090 INFO [MainThread] [ActionManager] undoing: delete C:\Users\ASUS\AppData\Local\Temp\pytest-of-ASUS\pytest-7\test_delete_file_safe_creates_0\todelete.txt
2026-04-28 01:32:20,092 INFO [MainThread] [Undo] restored deleted file: C:\Users\ASUS\AppData\Local\Temp\pytest-of-ASUS\pytest-7\test_delete_file_safe_creates_0\todelete.txt
2026-04-28 01:32:20,163 INFO [MainThread] [ActionManager] logged: write C:\Users\ASUS\AppData\Local\Temp\pytest-of-ASUS\pytest-8\test_write_file_safe_creates_f0\output.txt
2026-04-28 01:32:20,180 INFO [MainThread] [ActionManager] logged: write C:\Users\ASUS\AppData\Local\Temp\pytest-of-ASUS\pytest-8\test_write_file_safe_overwrite0\existing.txt
2026-04-28 01:32:20,261 INFO [MainThread] [ActionManager] logged: delete C:\Users\ASUS\AppData\Local\Temp\pytest-of-ASUS\pytest-8\test_delete_file_safe_creates_0\todelete.txt
2026-04-28 01:32:20,282 INFO [MainThread] [AST] Patching function body: greet
2026-04-28 01:32:20,286 INFO [MainThread] [AST] Patching function body: farewell
2026-04-28 01:32:20,293 INFO [MainThread] [AST] Patching MyClass.method_b
2026-04-28 01:32:20,300 INFO [MainThread] [AST] Injected import: import sys
2026-04-28 01:32:20,306 INFO [MainThread] [AST] Renamed 'greet' → 'welcome'
2026-04-28 01:32:20,308 INFO [MainThread] [AST] Renamed 'foo' → 'bar'
2026-04-28 01:32:20,312 INFO [MainThread] [AST] Extracted lines 2–3 into compute_xy()
2026-04-28 01:32:20,364 INFO [MainThread] [DataGen] ✅ Exported 2 training samples (2 self-heal, 0 Phase C rated)
   → C:\Users\ASUS\AppData\Local\Temp\pytest-of-ASUS\pytest-8\test_export_creates_output_fil0\train.jsonl
2026-04-28 01:32:20,374 INFO [MainThread] [DataGen] ✅ Exported 2 training samples (2 self-heal, 0 Phase C rated)
   → C:\Users\ASUS\AppData\Local\Temp\pytest-of-ASUS\pytest-8\test_export_output_is_valid_js0\train.jsonl
2026-04-28 01:32:20,385 INFO [MainThread] [DataGen] ✅ Exported 1 training samples (2 self-heal, 0 Phase C rated)
   → C:\Users\ASUS\AppData\Local\Temp\pytest-of-ASUS\pytest-8\test_export_deduplication0\dedup.jsonl
2026-04-28 01:32:20,393 WARNING [MainThread] [DataGen] No samples found.
2026-04-28 01:32:20,530 INFO [MainThread] [DBAdapter] Using SQLite backend.
2026-04-28 01:32:20,533 INFO [MainThread] [DBAdapter] Using SQLite backend.
2026-04-28 01:32:20,536 INFO [MainThread] [DBAdapter] Using SQLite backend.
2026-04-28 01:32:20,537 INFO [MainThread] [DBAdapter] Using SQLite backend.
2026-04-28 01:32:20,665 INFO [MainThread] [TaskQueue] In-memory queue initialized (4 workers).
2026-04-28 01:32:20,669 INFO [MainThread] [TaskQueue] In-memory queue initialized (4 workers).
2026-04-28 01:32:20,673 INFO [MainThread] [TaskQueue] In-memory queue initialized (4 workers).
2026-04-28 01:32:20,676 INFO [MainThread] [TaskQueue] In-memory queue initialized (4 workers).
2026-04-28 01:32:20,680 INFO [MainThread] [TaskQueue] In-memory queue initialized (4 workers).
2026-04-28 01:32:20,681 ERROR [SherlyWorker_0] [TaskQueue] Task cbf66a94 failed: intentional failure
2026-04-28 01:32:20,683 INFO [MainThread] [TaskQueue] In-memory queue initialized (4 workers).
2026-04-28 01:32:20,686 INFO [MainThread] [TaskQueue] In-memory queue initialized (4 workers).
2026-04-28 01:32:20,689 INFO [MainThread] [TaskQueue] In-memory queue initialized (4 workers).
2026-04-28 01:32:20,714 INFO [MainThread] [TaskQueue] In-memory queue initialized (4 workers).
2026-04-28 01:32:20,717 INFO [MainThread] [TaskQueue] In-memory queue initialized (4 workers).
2026-04-28 01:32:20,720 INFO [MainThread] [TaskQueue] In-memory queue initialized (4 workers).
2026-04-28 01:32:20,720 INFO [MainThread] [TaskQueue] In-memory queue initialized (4 workers).
2026-04-28 01:32:20,741 INFO [MainThread] [Federated] Generating private knowledge snippet…
2026-04-28 01:32:20,741 INFO [MainThread] [Federated] Snippet generated (privacy_score=1.0, type=ImportError)
2026-04-28 01:32:20,743 INFO [MainThread] [Federated] Generating private knowledge snippet…
2026-04-28 01:32:20,744 INFO [MainThread] [Federated] Snippet generated (privacy_score=0.9113, type=UnknownError)
2026-04-28 01:32:20,746 INFO [MainThread] [Federated] Generating private knowledge snippet…
2026-04-28 01:32:20,746 INFO [MainThread] [Federated] Snippet generated (privacy_score=1.0, type=ImportError)
2026-04-28 01:32:20,749 INFO [MainThread] [Federated] Generating private knowledge snippet…
2026-04-28 01:32:20,749 INFO [MainThread] [Federated] Snippet generated (privacy_score=0.0, type=TypeError)
2026-04-28 01:32:20,752 INFO [MainThread] [Federated] Generating private knowledge snippet…
2026-04-28 01:32:20,753 INFO [MainThread] [Federated] Snippet generated (privacy_score=0.1735, type=ValueError)
2026-04-28 01:32:20,754 INFO [MainThread] [Federated] Snippet verified ✓
2026-04-28 01:32:20,755 INFO [MainThread] [Federated] Generating private knowledge snippet…
2026-04-28 01:32:20,756 INFO [MainThread] [Federated] Snippet generated (privacy_score=1.0, type=KeyError)
2026-04-28 01:32:20,756 WARNING [MainThread] [Federated] Snippet signature INVALID — discarding.
2026-04-28 01:32:20,758 ERROR [MainThread] [Federated] Snippet verification failed: Expecting value: line 1 column 1 (char 0)
2026-04-28 01:32:20,781 INFO [MainThread] [Orchestrator] Planning objective: Test Objective
2026-04-28 01:32:20,787 INFO [MainThread] LLM timeout for model=openai
2026-04-28 01:32:20,817 INFO [MainThread] Model error: 500 Server Error
2026-04-28 01:32:20,821 ERROR [MainThread] Error: test error
2026-04-28 01:32:20,938 WARNING [MainThread] timeout_call: slow exceeded 0.1s
2026-04-28 01:32:21,146 INFO [MainThread] [Session] Created: token_a…
2026-04-28 01:32:21,149 INFO [MainThread] [Session] Created: token_b…
2026-04-28 01:32:21,153 INFO [MainThread] [Session] Created: user_1…
2026-04-28 01:32:21,154 INFO [MainThread] [Session] Created: user_2…
2026-04-28 01:32:21,159 INFO [MainThread] [Session] Created: to_delete…
2026-04-28 01:32:21,159 INFO [MainThread] [Session] Destroyed: to_delete…
2026-04-28 01:32:21,162 INFO [MainThread] [Session] Created: count_test_1…
2026-04-28 01:32:21,162 INFO [MainThread] [Session] Created: count_test_2…
2026-04-28 01:32:21,165 INFO [MainThread] [Session] Created: list_test…
2026-04-28 01:32:21,175 INFO [MainThread] [Session] Created: iso_a…
2026-04-28 01:32:21,175 INFO [MainThread] [Session] Created: iso_b…
2026-04-28 01:32:21,178 INFO [MainThread] [Session] Created: pend_a…
2026-04-28 01:32:21,179 INFO [MainThread] [Session] Created: pend_b…
2026-04-28 01:36:32,195 WARNING [MainThread] [Ollama] Health check failed: [WinError 10061] No connection could be made because the target machine actively refused it
2026-04-28 01:36:33,584 WARNING [MainThread] [Ollama] Health check failed: refused
2026-04-28 01:36:33,587 WARNING [MainThread] [Ollama] Health check failed: conn refused
2026-04-28 01:36:38,470 WARNING [MainThread] [Ollama] Health check failed: [WinError 10061] No connection could be made because the target machine actively refused it
2026-04-28 01:36:43,351 WARNING [MainThread] [Ollama] Health check failed: [WinError 10061] No connection could be made because the target machine actively refused it
2026-04-28 01:36:43,372 WARNING [MainThread] [Ollama] Health check failed: down
2026-04-28 01:36:43,375 ERROR [MainThread] [Ollama] Auto-recovery failed: 'ollama' not found in PATH.
2026-04-28 01:36:43,625 ERROR [MainThread] [AsyncModel] ask_model_async_safe error: fail
2026-04-28 01:36:43,637 WARNING [MainThread] [HistoryPanel] PySide6 not available — panel disabled.
2026-04-28 01:36:43,723 WARNING [MainThread] [HistoryPanel] PySide6 not available — panel disabled.
2026-04-28 01:36:43,726 WARNING [MainThread] [HistoryPanel] PySide6 not available — panel disabled.
2026-04-28 01:37:11,503 INFO [MainThread] [ActionManager] logged: test action
2026-04-28 01:37:11,506 INFO [MainThread] [ActionManager] logged: permanent action
2026-04-28 01:37:11,508 INFO [MainThread] [ActionManager] undoing: delete C:\Users\ASUS\AppData\Local\Temp\pytest-of-ASUS\pytest-8\test_delete_file_safe_creates_0\todelete.txt
2026-04-28 01:37:11,510 INFO [MainThread] [Undo] restored deleted file: C:\Users\ASUS\AppData\Local\Temp\pytest-of-ASUS\pytest-8\test_delete_file_safe_creates_0\todelete.txt
2026-04-28 01:37:11,557 INFO [MainThread] [ActionManager] logged: write C:\Users\ASUS\AppData\Local\Temp\pytest-of-ASUS\pytest-9\test_write_file_safe_creates_f0\output.txt
2026-04-28 01:37:11,568 INFO [MainThread] [ActionManager] logged: write C:\Users\ASUS\AppData\Local\Temp\pytest-of-ASUS\pytest-9\test_write_file_safe_overwrite0\existing.txt
2026-04-28 01:37:11,623 INFO [MainThread] [ActionManager] logged: delete C:\Users\ASUS\AppData\Local\Temp\pytest-of-ASUS\pytest-9\test_delete_file_safe_creates_0\todelete.txt
2026-04-28 01:37:11,636 INFO [MainThread] [AST] Patching function body: greet
2026-04-28 01:37:11,638 INFO [MainThread] [AST] Patching function body: farewell
2026-04-28 01:37:11,643 INFO [MainThread] [AST] Patching MyClass.method_b
2026-04-28 01:37:11,647 INFO [MainThread] [AST] Injected import: import sys
2026-04-28 01:37:11,651 INFO [MainThread] [AST] Renamed 'greet' → 'welcome'
2026-04-28 01:37:11,653 INFO [MainThread] [AST] Renamed 'foo' → 'bar'
2026-04-28 01:37:11,656 INFO [MainThread] [AST] Extracted lines 2–3 into compute_xy()
2026-04-28 01:37:11,659 INFO [MainThread] [Ollama] Health check: OK
2026-04-28 01:37:11,661 WARNING [MainThread] [Ollama] Health check failed: refused
2026-04-28 01:37:11,663 WARNING [MainThread] [Ollama] Health check failed: conn refused
2026-04-28 01:37:11,665 INFO [MainThread] [Ollama] Health check: OK
2026-04-28 01:37:11,667 WARNING [MainThread] [Ollama] Health check failed: down
2026-04-28 01:37:11,669 ERROR [MainThread] [Ollama] Auto-recovery failed: 'ollama' not found in PATH.
2026-04-28 01:37:11,693 ERROR [MainThread] [AsyncModel] ask_model_async_safe error: fail
2026-04-28 01:37:11,704 WARNING [MainThread] [HistoryPanel] PySide6 not available — panel disabled.
2026-04-28 01:37:11,707 WARNING [MainThread] [HistoryPanel] PySide6 not available — panel disabled.
2026-04-28 01:37:11,710 WARNING [MainThread] [HistoryPanel] PySide6 not available — panel disabled.
2026-04-28 01:37:11,747 INFO [MainThread] [DataGen] ✅ Exported 2 training samples (2 self-heal, 0 Phase C rated)
   → C:\Users\ASUS\AppData\Local\Temp\pytest-of-ASUS\pytest-9\test_export_creates_output_fil0\train.jsonl
2026-04-28 01:37:11,756 INFO [MainThread] [DataGen] ✅ Exported 2 training samples (2 self-heal, 0 Phase C rated)
   → C:\Users\ASUS\AppData\Local\Temp\pytest-of-ASUS\pytest-9\test_export_output_is_valid_js0\train.jsonl
2026-04-28 01:37:11,763 INFO [MainThread] [DataGen] ✅ Exported 1 training samples (2 self-heal, 0 Phase C rated)
   → C:\Users\ASUS\AppData\Local\Temp\pytest-of-ASUS\pytest-9\test_export_deduplication0\dedup.jsonl
2026-04-28 01:37:11,768 WARNING [MainThread] [DataGen] No samples found.
2026-04-28 01:37:11,874 INFO [MainThread] [DBAdapter] Using SQLite backend.
2026-04-28 01:37:11,876 INFO [MainThread] [DBAdapter] Using SQLite backend.
2026-04-28 01:37:11,878 INFO [MainThread] [DBAdapter] Using SQLite backend.
2026-04-28 01:37:11,879 INFO [MainThread] [DBAdapter] Using SQLite backend.
2026-04-28 01:37:11,994 INFO [MainThread] [TaskQueue] In-memory queue initialized (4 workers).
2026-04-28 01:37:11,997 INFO [MainThread] [TaskQueue] In-memory queue initialized (4 workers).
2026-04-28 01:37:12,000 INFO [MainThread] [TaskQueue] In-memory queue initialized (4 workers).
2026-04-28 01:37:12,002 INFO [MainThread] [TaskQueue] In-memory queue initialized (4 workers).
2026-04-28 01:37:12,004 INFO [MainThread] [TaskQueue] In-memory queue initialized (4 workers).
2026-04-28 01:37:12,005 ERROR [SherlyWorker_0] [TaskQueue] Task 24c64f93 failed: intentional failure
2026-04-28 01:37:12,006 INFO [MainThread] [TaskQueue] In-memory queue initialized (4 workers).
2026-04-28 01:37:12,009 INFO [MainThread] [TaskQueue] In-memory queue initialized (4 workers).
2026-04-28 01:37:12,010 INFO [MainThread] [TaskQueue] In-memory queue initialized (4 workers).
2026-04-28 01:37:12,045 INFO [MainThread] [TaskQueue] In-memory queue initialized (4 workers).
2026-04-28 01:37:12,046 INFO [MainThread] [TaskQueue] In-memory queue initialized (4 workers).
2026-04-28 01:37:12,048 INFO [MainThread] [TaskQueue] In-memory queue initialized (4 workers).
2026-04-28 01:37:12,048 INFO [MainThread] [TaskQueue] In-memory queue initialized (4 workers).
2026-04-28 01:37:12,063 INFO [MainThread] [Federated] Generating private knowledge snippet…
2026-04-28 01:37:12,064 INFO [MainThread] [Federated] Snippet generated (privacy_score=1.0, type=ImportError)
2026-04-28 01:37:12,065 INFO [MainThread] [Federated] Generating private knowledge snippet…
2026-04-28 01:37:12,065 INFO [MainThread] [Federated] Snippet generated (privacy_score=1.0, type=UnknownError)
2026-04-28 01:37:12,067 INFO [MainThread] [Federated] Generating private knowledge snippet…
2026-04-28 01:37:12,067 INFO [MainThread] [Federated] Snippet generated (privacy_score=0.4365, type=ImportError)
2026-04-28 01:37:12,069 INFO [MainThread] [Federated] Generating private knowledge snippet…
2026-04-28 01:37:12,069 INFO [MainThread] [Federated] Snippet generated (privacy_score=0.0, type=TypeError)
2026-04-28 01:37:12,071 INFO [MainThread] [Federated] Generating private knowledge snippet…
2026-04-28 01:37:12,071 INFO [MainThread] [Federated] Snippet generated (privacy_score=0.0, type=ValueError)
2026-04-28 01:37:12,071 INFO [MainThread] [Federated] Snippet verified ✓
2026-04-28 01:37:12,073 INFO [MainThread] [Federated] Generating private knowledge snippet…
2026-04-28 01:37:12,073 INFO [MainThread] [Federated] Snippet generated (privacy_score=1.0, type=KeyError)
2026-04-28 01:37:12,073 WARNING [MainThread] [Federated] Snippet signature INVALID — discarding.
2026-04-28 01:37:12,075 ERROR [MainThread] [Federated] Snippet verification failed: Expecting value: line 1 column 1 (char 0)
2026-04-28 01:37:12,087 INFO [MainThread] [Orchestrator] Planning objective: Test Objective
2026-04-28 01:37:12,090 INFO [MainThread] LLM timeout for model=openai
2026-04-28 01:37:12,094 INFO [MainThread] Model error: 500 Server Error
2026-04-28 01:37:12,097 ERROR [MainThread] Error: test error
2026-04-28 01:37:12,211 WARNING [MainThread] timeout_call: slow exceeded 0.1s
2026-04-28 01:37:12,342 INFO [MainThread] [Session] Created: token_a…
2026-04-28 01:37:12,344 INFO [MainThread] [Session] Created: token_b…
2026-04-28 01:37:12,347 INFO [MainThread] [Session] Created: user_1…
2026-04-28 01:37:12,347 INFO [MainThread] [Session] Created: user_2…
2026-04-28 01:37:12,351 INFO [MainThread] [Session] Created: to_delete…
2026-04-28 01:37:12,351 INFO [MainThread] [Session] Destroyed: to_delete…
2026-04-28 01:37:12,353 INFO [MainThread] [Session] Created: count_test_1…
2026-04-28 01:37:12,353 INFO [MainThread] [Session] Created: count_test_2…
2026-04-28 01:37:12,355 INFO [MainThread] [Session] Created: list_test…
2026-04-28 01:37:12,360 INFO [MainThread] [Session] Created: iso_a…
2026-04-28 01:37:12,360 INFO [MainThread] [Session] Created: iso_b…
2026-04-28 01:37:12,363 INFO [MainThread] [Session] Created: pend_a…
2026-04-28 01:37:12,363 INFO [MainThread] [Session] Created: pend_b…
2026-04-28 01:57:28,669 INFO [MainThread] [ActionManager] logged: test action
2026-04-28 01:57:28,674 INFO [MainThread] [ActionManager] logged: permanent action
2026-04-28 01:57:28,676 INFO [MainThread] [ActionManager] undoing: delete C:\Users\ASUS\AppData\Local\Temp\pytest-of-ASUS\pytest-9\test_delete_file_safe_creates_0\todelete.txt
2026-04-28 01:57:28,678 INFO [MainThread] [Undo] restored deleted file: C:\Users\ASUS\AppData\Local\Temp\pytest-of-ASUS\pytest-9\test_delete_file_safe_creates_0\todelete.txt
2026-04-28 01:57:28,753 INFO [MainThread] [ActionManager] logged: write C:\Users\ASUS\AppData\Local\Temp\pytest-of-ASUS\pytest-10\test_write_file_safe_creates_f0\output.txt
2026-04-28 01:57:28,771 INFO [MainThread] [ActionManager] logged: write C:\Users\ASUS\AppData\Local\Temp\pytest-of-ASUS\pytest-10\test_write_file_safe_overwrite0\existing.txt
2026-04-28 01:57:28,855 INFO [MainThread] [ActionManager] logged: delete C:\Users\ASUS\AppData\Local\Temp\pytest-of-ASUS\pytest-10\test_delete_file_safe_creates_0\todelete.txt
2026-04-28 01:57:28,876 INFO [MainThread] [AST] Patching function body: greet
2026-04-28 01:57:28,880 INFO [MainThread] [AST] Patching function body: farewell
2026-04-28 01:57:28,888 INFO [MainThread] [AST] Patching MyClass.method_b
2026-04-28 01:57:28,896 INFO [MainThread] [AST] Injected import: import sys
2026-04-28 01:57:28,904 INFO [MainThread] [AST] Renamed 'greet' → 'welcome'
2026-04-28 01:57:28,907 INFO [MainThread] [AST] Renamed 'foo' → 'bar'
2026-04-28 01:57:28,910 INFO [MainThread] [AST] Extracted lines 2–3 into compute_xy()
2026-04-28 01:57:28,916 INFO [MainThread] [Ollama] Health check: OK
2026-04-28 01:57:28,919 WARNING [MainThread] [Ollama] Health check failed: refused
2026-04-28 01:57:28,923 WARNING [MainThread] [Ollama] Health check failed: conn refused
2026-04-28 01:57:28,927 INFO [MainThread] [Ollama] Health check: OK
2026-04-28 01:57:28,930 WARNING [MainThread] [Ollama] Health check failed: down
2026-04-28 01:57:28,934 ERROR [MainThread] [Ollama] Auto-recovery failed: 'ollama' not found in PATH.
2026-04-28 01:57:28,977 ERROR [MainThread] [AsyncModel] ask_model_async_safe error: fail
2026-04-28 01:57:28,993 WARNING [MainThread] [HistoryPanel] PySide6 not available — panel disabled.
2026-04-28 01:57:28,998 WARNING [MainThread] [HistoryPanel] PySide6 not available — panel disabled.
2026-04-28 01:57:29,002 WARNING [MainThread] [HistoryPanel] PySide6 not available — panel disabled.
2026-04-28 01:57:29,053 INFO [MainThread] [DataGen] ✅ Exported 2 training samples (2 self-heal, 0 Phase C rated)
   → C:\Users\ASUS\AppData\Local\Temp\pytest-of-ASUS\pytest-10\test_export_creates_output_fil0\train.jsonl
2026-04-28 01:57:29,067 INFO [MainThread] [DataGen] ✅ Exported 2 training samples (2 self-heal, 0 Phase C rated)
   → C:\Users\ASUS\AppData\Local\Temp\pytest-of-ASUS\pytest-10\test_export_output_is_valid_js0\train.jsonl
2026-04-28 01:57:29,080 INFO [MainThread] [DataGen] ✅ Exported 1 training samples (2 self-heal, 0 Phase C rated)
   → C:\Users\ASUS\AppData\Local\Temp\pytest-of-ASUS\pytest-10\test_export_deduplication0\dedup.jsonl
2026-04-28 01:57:29,091 WARNING [MainThread] [DataGen] No samples found.
2026-04-28 01:57:29,237 INFO [MainThread] [DBAdapter] Using SQLite backend.
2026-04-28 01:57:29,241 INFO [MainThread] [DBAdapter] Using SQLite backend.
2026-04-28 01:57:29,245 INFO [MainThread] [DBAdapter] Using SQLite backend.
2026-04-28 01:57:29,246 INFO [MainThread] [DBAdapter] Using SQLite backend.
2026-04-28 01:57:29,374 INFO [MainThread] [TaskQueue] In-memory queue initialized (4 workers).
2026-04-28 01:57:29,378 INFO [MainThread] [TaskQueue] In-memory queue initialized (4 workers).
2026-04-28 01:57:29,382 INFO [MainThread] [TaskQueue] In-memory queue initialized (4 workers).
2026-04-28 01:57:29,386 INFO [MainThread] [TaskQueue] In-memory queue initialized (4 workers).
2026-04-28 01:57:29,390 INFO [MainThread] [TaskQueue] In-memory queue initialized (4 workers).
2026-04-28 01:57:29,391 ERROR [SherlyWorker_0] [TaskQueue] Task 399a3991 failed: intentional failure
2026-04-28 01:57:29,393 INFO [MainThread] [TaskQueue] In-memory queue initialized (4 workers).
2026-04-28 01:57:29,398 INFO [MainThread] [TaskQueue] In-memory queue initialized (4 workers).
2026-04-28 01:57:29,401 INFO [MainThread] [TaskQueue] In-memory queue initialized (4 workers).
2026-04-28 01:57:29,426 INFO [MainThread] [TaskQueue] In-memory queue initialized (4 workers).
2026-04-28 01:57:29,429 INFO [MainThread] [TaskQueue] In-memory queue initialized (4 workers).
2026-04-28 01:57:29,431 INFO [MainThread] [TaskQueue] In-memory queue initialized (4 workers).
2026-04-28 01:57:29,431 INFO [MainThread] [TaskQueue] In-memory queue initialized (4 workers).
2026-04-28 01:57:29,458 INFO [MainThread] [Federated] Generating private knowledge snippet…
2026-04-28 01:57:29,459 INFO [MainThread] [Federated] Snippet generated (privacy_score=0.0, type=ImportError)
2026-04-28 01:57:29,462 INFO [MainThread] [Federated] Generating private knowledge snippet…
2026-04-28 01:57:29,463 INFO [MainThread] [Federated] Snippet generated (privacy_score=0.0, type=UnknownError)
2026-04-28 01:57:29,465 INFO [MainThread] [Federated] Generating private knowledge snippet…
2026-04-28 01:57:29,466 INFO [MainThread] [Federated] Snippet generated (privacy_score=0.3767, type=ImportError)
2026-04-28 01:57:29,468 INFO [MainThread] [Federated] Generating private knowledge snippet…
2026-04-28 01:57:29,469 INFO [MainThread] [Federated] Snippet generated (privacy_score=0.8011, type=TypeError)
2026-04-28 01:57:29,473 INFO [MainThread] [Federated] Generating private knowledge snippet…
2026-04-28 01:57:29,473 INFO [MainThread] [Federated] Snippet generated (privacy_score=0.0, type=ValueError)
2026-04-28 01:57:29,474 INFO [MainThread] [Federated] Snippet verified ✓
2026-04-28 01:57:29,478 INFO [MainThread] [Federated] Generating private knowledge snippet…
2026-04-28 01:57:29,478 INFO [MainThread] [Federated] Snippet generated (privacy_score=1.0, type=KeyError)
2026-04-28 01:57:29,479 WARNING [MainThread] [Federated] Snippet signature INVALID — discarding.
2026-04-28 01:57:29,482 ERROR [MainThread] [Federated] Snippet verification failed: Expecting value: line 1 column 1 (char 0)
2026-04-28 01:57:29,529 INFO [MainThread] [Orchestrator] Planning objective: Test Objective
2026-04-28 01:57:29,535 INFO [MainThread] LLM timeout for model=openai
2026-04-28 01:57:29,542 INFO [MainThread] Model error: 500 Server Error
2026-04-28 01:57:29,546 ERROR [MainThread] Error: test error
2026-04-28 01:57:29,661 WARNING [MainThread] timeout_call: slow exceeded 0.1s
2026-04-28 01:57:29,912 INFO [MainThread] [Session] Created: token_a…
2026-04-28 01:57:29,918 INFO [MainThread] [Session] Created: token_b…
2026-04-28 01:57:29,923 INFO [MainThread] [Session] Created: user_1…
2026-04-28 01:57:29,924 INFO [MainThread] [Session] Created: user_2…
2026-04-28 01:57:29,931 INFO [MainThread] [Session] Created: to_delete…
2026-04-28 01:57:29,931 INFO [MainThread] [Session] Destroyed: to_delete…
2026-04-28 01:57:29,934 INFO [MainThread] [Session] Created: count_test_1…
2026-04-28 01:57:29,935 INFO [MainThread] [Session] Created: count_test_2…
2026-04-28 01:57:29,938 INFO [MainThread] [Session] Created: list_test…
2026-04-28 01:57:29,947 INFO [MainThread] [Session] Created: iso_a…
2026-04-28 01:57:29,948 INFO [MainThread] [Session] Created: iso_b…
2026-04-28 01:57:29,954 INFO [MainThread] [Session] Created: pend_a…
2026-04-28 01:57:29,954 INFO [MainThread] [Session] Created: pend_b…
2026-04-28 02:08:25,836 INFO [MainThread] [ActionManager] logged: test action
2026-04-28 02:08:25,841 INFO [MainThread] [ActionManager] logged: permanent action
2026-04-28 02:08:25,842 INFO [MainThread] [ActionManager] undoing: delete C:\Users\ASUS\AppData\Local\Temp\pytest-of-ASUS\pytest-10\test_delete_file_safe_creates_0\todelete.txt
2026-04-28 02:08:25,845 INFO [MainThread] [Undo] restored deleted file: C:\Users\ASUS\AppData\Local\Temp\pytest-of-ASUS\pytest-10\test_delete_file_safe_creates_0\todelete.txt
2026-04-28 02:08:25,918 INFO [MainThread] [ActionManager] logged: write C:\Users\ASUS\AppData\Local\Temp\pytest-of-ASUS\pytest-11\test_write_file_safe_creates_f0\output.txt
2026-04-28 02:08:25,936 INFO [MainThread] [ActionManager] logged: write C:\Users\ASUS\AppData\Local\Temp\pytest-of-ASUS\pytest-11\test_write_file_safe_overwrite0\existing.txt
2026-04-28 02:08:26,018 INFO [MainThread] [ActionManager] logged: delete C:\Users\ASUS\AppData\Local\Temp\pytest-of-ASUS\pytest-11\test_delete_file_safe_creates_0\todelete.txt
2026-04-28 02:08:26,036 INFO [MainThread] [AST] Patching function body: greet
2026-04-28 02:08:26,040 INFO [MainThread] [AST] Patching function body: farewell
2026-04-28 02:08:26,046 INFO [MainThread] [AST] Patching MyClass.method_b
2026-04-28 02:08:26,052 INFO [MainThread] [AST] Injected import: import sys
2026-04-28 02:08:26,057 INFO [MainThread] [AST] Renamed 'greet' → 'welcome'
2026-04-28 02:08:26,060 INFO [MainThread] [AST] Renamed 'foo' → 'bar'
2026-04-28 02:08:26,064 INFO [MainThread] [AST] Extracted lines 2–3 into compute_xy()
2026-04-28 02:08:26,069 INFO [MainThread] [Ollama] Health check: OK
2026-04-28 02:08:26,073 WARNING [MainThread] [Ollama] Health check failed: refused
2026-04-28 02:08:26,077 WARNING [MainThread] [Ollama] Health check failed: conn refused
2026-04-28 02:08:26,081 INFO [MainThread] [Ollama] Health check: OK
2026-04-28 02:08:26,085 WARNING [MainThread] [Ollama] Health check failed: down
2026-04-28 02:08:26,088 ERROR [MainThread] [Ollama] Auto-recovery failed: 'ollama' not found in PATH.
2026-04-28 02:08:26,124 ERROR [MainThread] [AsyncModel] ask_model_async_safe error: fail
2026-04-28 02:08:26,135 WARNING [MainThread] [HistoryPanel] PySide6 not available — panel disabled.
2026-04-28 02:08:26,138 WARNING [MainThread] [HistoryPanel] PySide6 not available — panel disabled.
2026-04-28 02:08:26,140 WARNING [MainThread] [HistoryPanel] PySide6 not available — panel disabled.
2026-04-28 02:08:26,182 INFO [MainThread] [DataGen] ✅ Exported 2 training samples (2 self-heal, 0 Phase C rated)
   → C:\Users\ASUS\AppData\Local\Temp\pytest-of-ASUS\pytest-11\test_export_creates_output_fil0\train.jsonl
2026-04-28 02:08:26,192 INFO [MainThread] [DataGen] ✅ Exported 2 training samples (2 self-heal, 0 Phase C rated)
   → C:\Users\ASUS\AppData\Local\Temp\pytest-of-ASUS\pytest-11\test_export_output_is_valid_js0\train.jsonl
2026-04-28 02:08:26,202 INFO [MainThread] [DataGen] ✅ Exported 1 training samples (2 self-heal, 0 Phase C rated)
   → C:\Users\ASUS\AppData\Local\Temp\pytest-of-ASUS\pytest-11\test_export_deduplication0\dedup.jsonl
2026-04-28 02:08:26,208 WARNING [MainThread] [DataGen] No samples found.
2026-04-28 02:08:26,333 INFO [MainThread] [DBAdapter] Using SQLite backend.
2026-04-28 02:08:26,336 INFO [MainThread] [DBAdapter] Using SQLite backend.
2026-04-28 02:08:26,339 INFO [MainThread] [DBAdapter] Using SQLite backend.
2026-04-28 02:08:26,340 INFO [MainThread] [DBAdapter] Using SQLite backend.
2026-04-28 02:08:26,459 INFO [MainThread] [TaskQueue] In-memory queue initialized (4 workers).
2026-04-28 02:08:26,463 INFO [MainThread] [TaskQueue] In-memory queue initialized (4 workers).
2026-04-28 02:08:26,466 INFO [MainThread] [TaskQueue] In-memory queue initialized (4 workers).
2026-04-28 02:08:26,469 INFO [MainThread] [TaskQueue] In-memory queue initialized (4 workers).
2026-04-28 02:08:26,472 INFO [MainThread] [TaskQueue] In-memory queue initialized (4 workers).
2026-04-28 02:08:26,473 ERROR [SherlyWorker_0] [TaskQueue] Task 396c9d0c failed: intentional failure
2026-04-28 02:08:26,476 INFO [MainThread] [TaskQueue] In-memory queue initialized (4 workers).
2026-04-28 02:08:26,478 INFO [MainThread] [TaskQueue] In-memory queue initialized (4 workers).
2026-04-28 02:08:26,480 INFO [MainThread] [TaskQueue] In-memory queue initialized (4 workers).
2026-04-28 02:08:26,517 INFO [MainThread] [TaskQueue] In-memory queue initialized (4 workers).
2026-04-28 02:08:26,519 INFO [MainThread] [TaskQueue] In-memory queue initialized (4 workers).
2026-04-28 02:08:26,522 INFO [MainThread] [TaskQueue] In-memory queue initialized (4 workers).
2026-04-28 02:08:26,522 INFO [MainThread] [TaskQueue] In-memory queue initialized (4 workers).
2026-04-28 02:08:26,545 INFO [MainThread] [Federated] Generating private knowledge snippet…
2026-04-28 02:08:26,545 INFO [MainThread] [Federated] Snippet generated (privacy_score=1.0, type=ImportError)
2026-04-28 02:08:26,548 INFO [MainThread] [Federated] Generating private knowledge snippet…
2026-04-28 02:08:26,548 INFO [MainThread] [Federated] Snippet generated (privacy_score=1.0, type=UnknownError)
2026-04-28 02:08:26,552 INFO [MainThread] [Federated] Generating private knowledge snippet…
2026-04-28 02:08:26,552 INFO [MainThread] [Federated] Snippet generated (privacy_score=1.0, type=ImportError)
2026-04-28 02:08:26,554 INFO [MainThread] [Federated] Generating private knowledge snippet…
2026-04-28 02:08:26,555 INFO [MainThread] [Federated] Snippet generated (privacy_score=1.0, type=TypeError)
2026-04-28 02:08:26,557 INFO [MainThread] [Federated] Generating private knowledge snippet…
2026-04-28 02:08:26,557 INFO [MainThread] [Federated] Snippet generated (privacy_score=1.0, type=ValueError)
2026-04-28 02:08:26,557 INFO [MainThread] [Federated] Snippet verified ✓
2026-04-28 02:08:26,560 INFO [MainThread] [Federated] Generating private knowledge snippet…
2026-04-28 02:08:26,561 INFO [MainThread] [Federated] Snippet generated (privacy_score=1.0, type=KeyError)
2026-04-28 02:08:26,561 WARNING [MainThread] [Federated] Snippet signature INVALID — discarding.
2026-04-28 02:08:26,563 ERROR [MainThread] [Federated] Snippet verification failed: Expecting value: line 1 column 1 (char 0)
2026-04-28 02:08:26,581 INFO [MainThread] [Orchestrator] Planning objective: Test Objective
2026-04-28 02:08:26,586 INFO [MainThread] LLM timeout for model=openai
2026-04-28 02:08:26,591 INFO [MainThread] Model error: 500 Server Error
2026-04-28 02:08:26,593 ERROR [MainThread] Error: test error
2026-04-28 02:08:26,698 WARNING [MainThread] timeout_call: slow exceeded 0.1s
2026-04-28 02:08:26,876 INFO [MainThread] [Session] Created: token_a…
2026-04-28 02:08:26,878 INFO [MainThread] [Session] Created: token_b…
2026-04-28 02:08:26,881 INFO [MainThread] [Session] Created: user_1…
2026-04-28 02:08:26,881 INFO [MainThread] [Session] Created: user_2…
2026-04-28 02:08:26,887 INFO [MainThread] [Session] Created: to_delete…
2026-04-28 02:08:26,887 INFO [MainThread] [Session] Destroyed: to_delete…
2026-04-28 02:08:26,890 INFO [MainThread] [Session] Created: count_test_1…
2026-04-28 02:08:26,890 INFO [MainThread] [Session] Created: count_test_2…
2026-04-28 02:08:26,893 INFO [MainThread] [Session] Created: list_test…
2026-04-28 02:08:26,902 INFO [MainThread] [Session] Created: iso_a…
2026-04-28 02:08:26,903 INFO [MainThread] [Session] Created: iso_b…
2026-04-28 02:08:26,906 INFO [MainThread] [Session] Created: pend_a…
2026-04-28 02:08:26,907 INFO [MainThread] [Session] Created: pend_b…
